mean_tof,spatial_variance,delta_d,delta_d_variance,beta_slope,omega_norm,tilt_error,label
1.6400001049041748,0.0,0.05781054496765137,0.0,0.0,0.0028608283028006554,0.00046063007903285325,0
1.6400001049041748,0.0,0.05781054496765137,0.0,0.0,0.0013598308432847261,0.000345211592502892,0
1.6400001049041748,0.0,0.05781054496765137,0.0,0.0,0.0017159020062536001,0.0002273028076160699,0
1.6400001049041748,0.0,0.05781054496765137,0.0,0.0,0.0012028035707771778,0.00011780329805333167,0
1.6400001049041748,0.0,0.05781054496765137,0.0,0.0,0.0016985496040433645,0.00026580924168229103,0
1.6400001049041748,0.0,0.05781054496765137,0.0,0.0,0.0016985496040433645,0.00026580924168229103,0
1.6400001049041748,0.0,0.05781054496765137,0.0,0.0,0.002281895373016596,0.0002688622334972024,0
1.6400001049041748,0.0,0.05781054496765137,0.0,0.0,0.0015096609713509679,0.00028565365937538445,0
1.6400001049041748,0.0,0.05781054496765137,0.0,0.0,0.0006529841339215636,1.0036254025180824e-05,0
1.6400001049041748,0.0,0.05781054496765137,0.0,0.0,0.0006529841339215636,1.0036254025180824e-05,0
1.6400001049041748,0.0,0.05781054496765137,0.0,0.0,0.0014674147823825479,8.668727241456509e-05,0
1.6400001049041748,0.0,0.05781054496765137,0.0,0.0,0.001892699976451695,0.00012036204861942679,0
1.6400001049041748,0.0,0.05781054496765137,0.0,0.0,0.0008330601267516613,7.891820132499561e-05,0
1.6400001049041748,0.0,0.05781054496765137,0.0,0.0,0.0018272283487021923,8.54812878969824e-06,0
1.6400001049041748,0.0,0.05781054496765137,0.0,0.0,0.002192626940086484,8.683284977450967e-05,0
1.6400001049041748,0.0,0.05781054496765137,0.0,0.0,0.0019035405712202191,1.1835499208245892e-05,0
1.6400001049041748,0.0,0.05781054496765137,0.0,0.0,0.0020444479305297136,0.00020945015421602875,0
1.6400001049041748,0.0,0.05781054496765137,0.0,0.0,0.0020444479305297136,0.00020945015421602875,0
1.6400001049041748,0.0,0.05781054496765137,0.0,0.0,0.0012835281668230891,0.00015952497778926045,0
1.6400001049041748,0.0,0.05781054496765137,0.0,0.0,0.00309911766089499,8.470936154481024e-05,0
1.6400001049041748,0.0,0.05781054496765137,0.0,0.0,0.002618959406390786,0.00016322324518114328,0
1.6400001049041748,0.0,0.05781054496765137,0.0,0.0,0.002618959406390786,0.00016322324518114328,0
1.6400001049041748,0.0,0.05781054496765137,0.0,0.0,0.000968284672126174,0.0002672297414392233,0
1.6400001049041748,0.0,0.05781054496765137,0.0,0.0,0.00265695434063673,0.00019496063760016114,0
1.6400001049041748,0.0,0.05781054496765137,0.0,0.0,0.0015752589097246528,0.00019040900224354118,0
1.6400001049041748,0.0,0.05781054496765137,0.0,0.0,0.0005893921479582787,0.00021194432338234037,0
1.6400001049041748,0.0,0.05781054496765137,0.0,0.0,0.0005893921479582787,6.841945287305862e-05,0
1.6400001049041748,0.0,0.05781054496765137,0.0,0.0,0.0005893921479582787,6.841945287305862e-05,0
1.6400001049041748,0.0,0.05781054496765137,0.0,0.0,0.0020255406852811575,4.144156628171913e-05,0
1.6400001049041748,0.0,0.05781054496765137,0.0,0.0,0.001783578540198505,3.7834990507690236e-05,0
1.6400001049041748,0.0,0.05781054496765137,0.0,0.0,0.0014312242856249213,0.0001641771086724475,0
1.6400001049041748,0.0,0.05781054496765137,0.0,0.0,0.0014312242856249213,0.0001641771086724475,0
1.6400001049041748,0.0,0.05781054496765137,0.0,0.0,0.0017316635930910707,0.00021862513676751405,0
1.6400001049041748,0.0,0.05781054496765137,0.0,0.0,0.0017934953793883324,0.00036096732947044075,0
1.6400001049041748,0.0,0.05781054496765137,0.0,0.0,0.0019445547368377447,0.0005852371104992926,0
1.6400001049041748,0.0,0.05781054496765137,0.0,0.0,0.0015795069048181176,0.0006144396029412746,0
1.6400001049041748,0.0,0.05781054496765137,0.0,0.0,0.0015569081297144294,0.0006268969154916704,0
1.6400001049041748,0.0,0.05781054496765137,0.0,0.0,0.001045348821207881,0.0006880851578898728,0
1.6400001049041748,0.0,0.05781054496765137,0.0,0.0,0.0005802970845252275,0.0005616566631942987,0
1.6400001049041748,0.0,0.05781054496765137,0.0,0.0,0.0012651964789256454,0.0004559081862680614,0
1.6400001049041748,0.0,0.05781054496765137,0.0,0.0,0.0012651964789256454,0.0005158013082109392,0
1.6400001049041748,0.0,0.05781054496765137,0.0,0.0,0.000715731002856046,0.0005043766577728093,0
1.6400001049041748,0.0,0.05781054496765137,0.0,0.0,0.002372999442741275,0.00018601922784000635,0
1.6400001049041748,0.0,0.05781054496765137,0.0,0.0,0.0009617824689485133,0.00010732153168646619,0
1.6400001049041748,0.0,0.05781054496765137,0.0,0.0,0.0009617824689485133,0.00010732153168646619,0
1.6400001049041748,0.0,0.05781054496765137,0.0,0.0,0.0009414906962774694,1.322284879279323e-05,0
1.6400001049041748,0.0,0.05781054496765137,0.0,0.0,0.0022191787138581276,0.0001624491560505703,0
1.6400001049041748,0.0,0.05781054496765137,0.0,0.0,0.001316468813456595,0.00018808904860634357,0
1.6400001049041748,0.0,0.05781054496765137,0.0,0.0,0.001316468813456595,0.00018808904860634357,0
1.6400001049041748,0.0,0.05781054496765137,0.0,0.0,0.0008515011286363006,0.00035910302540287375,0
1.6400001049041748,0.0,0.05781054496765137,0.0,0.0,0.0015857754042372108,0.00014434615150094032,0
1.6400001049041748,0.0,0.05781054496765137,0.0,0.0,0.0005006286664865911,0.00014434615150094032,0
1.6400001049041748,0.0,0.05781054496765137,0.0,0.0,0.0018369239987805486,0.00045367886195890605,0
1.6400001049041748,0.0,0.05781054496765137,0.0,0.0,0.0006659319624304771,0.0003521680773701519,0
1.6400001049041748,0.0,0.05781054496765137,0.0,0.0,0.0010029708500951529,0.00033237377647310495,0
1.6400001049041748,0.0,0.05781054496765137,0.0,0.0,0.0014601952861994505,0.0002604785840958357,0
1.6400001049041748,0.0,0.05781054496765137,0.0,0.0,0.0015512456884607673,0.00025995890609920025,0
1.6400001049041748,0.0,0.05781054496765137,0.0,0.0,0.0015798704698681831,0.00016171600145753473,0
1.6400001049041748,0.0,0.05781054496765137,0.0,0.0,0.0015798704698681831,0.00016171600145753473,0
1.6400001049041748,0.0,0.05781054496765137,0.0,0.0,0.0036503456067293882,0.00023868864809628576,0
1.6400001049041748,0.0,0.05781054496765137,0.0,0.0,0.0026795475278049707,0.00015093543333932757,0
1.6400001049041748,0.0,0.05781054496765137,0.0,0.0,0.001687370939180255,0.00010356446728110313,0
1.6400001049041748,0.0,0.05781054496765137,0.0,0.0,0.001687370939180255,0.00010356446728110313,0
1.6400001049041748,0.0,0.05781054496765137,0.0,0.0,0.001687370939180255,0.00010356446728110313,0
1.6400001049041748,0.0,0.05781054496765137,0.0,0.0,0.0012747857253998518,9.262219100492075e-05,0
1.6400001049041748,0.0,0.05781054496765137,0.0,0.0,0.002035016193985939,8.935973892221227e-05,0
1.6400001049041748,0.0,0.05781054496765137,0.0,0.0,0.002035016193985939,8.935973892221227e-05,0
1.6400001049041748,0.0,0.05781054496765137,0.0,0.0,0.002035016193985939,8.935973892221227e-05,0
1.6400001049041748,0.0,0.05781054496765137,0.0,0.0,0.0004477976181078702,0.00013583888357970864,0
1.6400001049041748,0.0,0.05781054496765137,0.0,0.0,0.0004477976181078702,0.00013583888357970864,0
1.6400001049041748,0.0,0.05781054496765137,0.0,0.0,0.0021819539833813906,9.581711310602259e-06,0
1.6400001049041748,0.0,0.05781054496765137,0.0,0.0,0.0010934022720903158,4.712744612334063e-06,0
1.6400001049041748,0.0,0.05781054496765137,0.0,0.0,0.0015363562852144241,7.037293835310265e-05,0
1.6400001049041748,0.0,0.05781054496765137,0.0,0.0,0.002730372129008174,0.00019157228234689683,0
1.6400001049041748,0.0,0.05781054496765137,0.0,0.0,0.002730372129008174,0.00019157228234689683,0
1.6400001049041748,0.0,0.05781054496765137,0.0,0.0,0.0018760306993499398,0.00020765559747815132,0
1.6400001049041748,0.0,0.05781054496765137,0.0,0.0,0.001420221640728414,7.739951252005994e-05,0
1.6400001049041748,0.0,0.05781054496765137,0.0,0.0,0.001420221640728414,7.739951252005994e-05,0
1.6400001049041748,0.0,0.05781054496765137,0.0,0.0,0.0009752903133630753,5.695741856470704e-05,0
1.6400001049041748,0.0,0.05781054496765137,0.0,0.0,0.0023850768338888884,2.5854531031654915e-06,0
1.6400001049041748,0.0,0.05781054496765137,0.0,0.0,0.001234541297890246,0.00022989630815573037,0
1.6400001049041748,0.0,0.05781054496765137,0.0,0.0,0.0013164072297513485,0.0002829651639331132,0
1.6400001049041748,0.0,0.05781054496765137,0.0,0.0,0.0013164072297513485,0.0002829651639331132,0
1.6400001049041748,0.0,0.05781054496765137,0.0,0.0,0.0018108091317117214,0.0003369810583535582,0
1.6400001049041748,0.0,0.05781054496765137,0.0,0.0,0.0015828137984499335,0.00010329233919037506,0
1.6400001049041748,0.0,0.05781054496765137,0.0,0.0,0.0013008529786020517,0.00022327822807710618,0
1.6400001049041748,0.0,0.05781054496765137,0.0,0.0,0.0015246742404997349,0.00023984781000763178,0
1.6400001049041748,0.0,0.05781054496765137,0.0,0.0,0.0015246742404997349,0.00023984781000763178,0
1.6400001049041748,0.0,0.05781054496765137,0.0,0.0,0.0012324447743594646,0.00038919347571209073,0
1.6400001049041748,0.0,0.05781054496765137,0.0,0.0,0.0017912755720317364,0.0001972514291992411,0
1.6400001049041748,0.0,0.05781054496765137,0.0,0.0,0.0013046718668192625,0.0003979351313319057,0
1.6400001049041748,0.0,0.05781054496765137,0.0,0.0,0.0024188822135329247,0.00040515672299079597,0
1.6400001049041748,0.0,0.05781054496765137,0.0,0.0,0.0012212740257382393,0.000392486690543592,0
1.6400001049041748,0.0,0.05781054496765137,0.0,0.0,0.0035463417880237103,0.00019330957729835063,0
1.6400001049041748,0.0,0.05781054496765137,0.0,0.0,0.002207375830039382,9.887390478979796e-05,0
1.6400001049041748,0.0,0.05781054496765137,0.0,0.0,0.002207375830039382,9.887390478979796e-05,0
1.6400001049041748,0.0,0.05781054496765137,0.0,0.0,0.0018152992706745863,0.0002641147293616086,0
1.6400001049041748,0.0,0.05781054496765137,0.0,0.0,0.0013467585667967796,8.889092714525759e-05,0
1.6400001049041748,0.0,0.05781054496765137,0.0,0.0,0.0018268261337652802,0.00017985174781642854,0
1.6400001049041748,0.0,0.05781054496765137,0.0,0.0,0.0018268261337652802,0.00017985174781642854,0
1.6400001049041748,0.0,0.05781054496765137,0.0,0.0,0.0018268261337652802,0.00017985174781642854,0
1.6400001049041748,0.0,0.05781054496765137,0.0,0.0,0.0014126820024102926,9.233348828274757e-05,0
1.6400001049041748,0.0,0.05781054496765137,0.0,0.0,0.0018772719195112586,5.435087950900197e-05,0
1.6400001049041748,0.0,0.05781054496765137,0.0,0.0,0.0016333131352439523,2.7432384740677662e-05,0
1.6400001049041748,0.0,0.05781054496765137,0.0,0.0,0.0009732018224895,0.00013590372691396624,0
1.6400001049041748,0.0,0.05781054496765137,0.0,0.0,0.0024501297157257795,0.00017668239888735116,0
1.6400001049041748,0.0,0.05781054496765137,0.0,0.0,0.000789585814345628,1.0213881978415884e-05,0
1.6400001049041748,0.0,0.05781054496765137,0.0,0.0,0.0007130455924198031,3.4971405966643943e-06,0
1.6400001049041748,0.0,0.05781054496765137,0.0,0.0,0.0009507859940640628,5.238480298430659e-05,0
1.6400001049041748,0.0,0.05781054496765137,0.0,0.0,0.0006483664619736373,5.677593799191527e-05,0
1.6400001049041748,0.0,0.05781054496765137,0.0,0.0,0.0006868187920190394,0.00019332070951350033,0
1.6400001049041748,0.0,0.05781054496765137,0.0,0.0,0.001492414972744882,0.0002488589962013066,0
1.6400001049041748,0.0,0.05781054496765137,0.0,0.0,0.001492414972744882,0.0002488589962013066,0
1.6400001049041748,0.0,0.05781054496765137,0.0,0.0,0.0011741641210392118,4.9244947149418294e-05,0
1.6400001049041748,0.0,0.05781054496765137,0.0,0.0,0.002107192762196064,3.182637374266051e-05,0
1.6400001049041748,0.0,0.05781054496765137,0.0,0.0,0.0019176692003384233,1.1874929441546556e-05,0
1.6400001049041748,0.0,0.05781054496765137,0.0,0.0,0.003372026374563575,0.00013801016029901803,0
1.6400001049041748,0.0,0.05781054496765137,0.0,0.0,0.003372026374563575,0.00013801016029901803,0
1.6400001049041748,0.0,0.05781054496765137,0.0,0.0,0.0027267311234027147,0.00013170269085094333,0
1.6400001049041748,0.0,0.05781054496765137,0.0,0.0,0.001639839494600892,0.00022648579033557326,0
1.6400001049041748,0.0,0.05781054496765137,0.0,0.0,0.002225063042715192,0.00037755060475319624,0
1.6400001049041748,0.0,0.05781054496765137,0.0,0.0,0.002737922128289938,0.0001901009673019871,0
1.6400001049041748,0.0,0.05781054496765137,0.0,0.0,0.0025476771406829357,0.0001507265114923939,0
1.6400001049041748,0.0,0.05781054496765137,0.0,0.0,0.001049847574904561,0.00012462458107620478,0
1.6400001049041748,0.0,0.05781054496765137,0.0,0.0,0.0018552439287304878,7.893129077274352e-05,0
1.6400001049041748,0.0,0.05781054496765137,0.0,0.0,0.0018552439287304878,0.0002071231574518606,0
1.6400001049041748,0.0,0.05781054496765137,0.0,0.0,0.0018552439287304878,0.0002071231574518606,0
1.6400001049041748,0.0,0.05781054496765137,0.0,0.0,0.0021487667690962553,0.0003636223264038563,0
1.6400001049041748,0.0,0.05781054496765137,0.0,0.0,0.0017342036589980125,0.00031552015570923686,0
1.6400001049041748,0.0,0.05781054496765137,0.0,0.0,0.0022702240385115147,0.0002643975894898176,0
1.6400001049041748,0.0,0.05781054496765137,0.0,0.0,0.0022702240385115147,0.0002643975894898176,0
1.6400001049041748,0.0,0.05781054496765137,0.0,0.0,0.0017730110557749867,0.00022147881099954247,0
1.6400001049041748,0.0,0.05781054496765137,0.0,0.0,0.0006617896142415702,0.0003889495856128633,0
1.6400001049041748,0.0,0.05781054496765137,0.0,0.0,0.0019028676906600595,0.0005488981842063367,0
1.6400001049041748,0.0,0.05781054496765137,0.0,0.0,0.0018871861975640059,0.000539751723408699,0
1.6400001049041748,0.0,0.05781054496765137,0.0,0.0,0.0011759966146200895,0.0004227730678394437,0
1.6400001049041748,0.0,0.05781054496765137,0.0,0.0,0.001446387032046914,0.00040945911314338446,0
1.6400001049041748,0.0,0.05781054496765137,0.0,0.0,0.0007911489810794592,0.000299205508781597,0
1.6400001049041748,0.0,0.05781054496765137,0.0,0.0,0.0010539022041484714,0.0003985369112342596,0
1.6400001049041748,0.0,0.05781054496765137,0.0,0.0,0.00046325931907631457,0.0002104114246321842,0
1.6400001049041748,0.0,0.05781054496765137,0.0,0.0,0.00046325931907631457,0.00013563498214352876,0
1.6400001049041748,0.0,0.05781054496765137,0.0,0.0,0.0012574306456372142,0.00016736479301471263,0
1.6400001049041748,0.0,0.05781054496765137,0.0,0.0,0.0025262883864343166,0.00015556834114249796,0
1.6400001049041748,0.0,0.05781054496765137,0.0,0.0,0.0009287560824304819,0.0002889575844164938,0
1.6400001049041748,0.0,0.05781054496765137,0.0,0.0,0.001901679439470172,0.0002498012036085129,0
1.6400001049041748,0.0,0.05781054496765137,0.0,0.0,0.0011279466561973095,0.0002498012036085129,0
1.6400001049041748,0.0,0.05781054496765137,0.0,0.0,0.0017757524037733674,0.00048757652984932065,0
1.6400001049041748,0.0,0.05781054496765137,0.0,0.0,0.0027642198838293552,0.00028738065157085657,0
1.6400001049041748,0.0,0.05781054496765137,0.0,0.0,0.0027642198838293552,0.00028738065157085657,0
1.6400001049041748,0.0,0.05781054496765137,0.0,0.0,0.0017681766767054796,0.00030229135882109404,0
1.6400001049041748,0.0,0.05781054496765137,0.0,0.0,0.000945530307944864,0.00021922380256000906,0
1.6400001049041748,0.0,0.05781054496765137,0.0,0.0,0.0017454726621508598,0.000388404936529696,0
1.6400001049041748,0.0,0.05781054496765137,0.0,0.0,0.0018846429884433746,0.00033923311275430024,0
1.6400001049041748,0.0,0.05781054496765137,0.0,0.0,0.003416501684114337,0.0003218549827579409,0
1.6400001049041748,0.0,0.05781054496765137,0.0,0.0,0.0012230643769726157,0.00035396069870330393,0
1.6400001049041748,0.0,0.05781054496765137,0.0,0.0,0.0012230643769726157,0.00035396069870330393,0
1.6400001049041748,0.0,0.05781054496765137,0.0,0.0,0.001109564327634871,0.0003022004966624081,0
1.6400001049041748,0.0,0.05781054496765137,0.0,0.0,0.001109564327634871,0.0003022004966624081,0
1.6400001049041748,0.0,0.05781054496765137,0.0,0.0,0.002390783280134201,0.000371118716429919,0
1.6400001049041748,0.0,0.05781054496765137,0.0,0.0,0.00024267830303870142,0.0003810830821748823,0
1.6400001049041748,0.0,0.05781054496765137,0.0,0.0,0.0017255406128242612,0.0005271488334983587,0
1.6400001049041748,0.0,0.05781054496765137,0.0,0.0,0.0017255406128242612,0.0005271488334983587,0
1.6400001049041748,0.0,0.05781054496765137,0.0,0.0,0.0015005539171397686,0.00047959425137378275,0
1.6400001049041748,0.0,0.05781054496765137,0.0,0.0,0.0028087932150810957,0.0006373623036779463,0
1.6400001049041748,0.0,0.05781054496765137,0.0,0.0,0.001987996743991971,0.0007525880355387926,0
1.6400001049041748,0.0,0.05781054496765137,0.0,0.0,0.0034550216514617205,0.0006408521439880133,0
1.6400001049041748,0.0,0.05781054496765137,0.0,0.0,0.0034550216514617205,0.0006408521439880133,0
1.6400001049041748,0.0,0.05781054496765137,0.0,0.0,0.0020562089048326015,0.000467749428935349,0
1.6400001049041748,0.0,0.05781054496765137,0.0,0.0,0.0018198037287220359,0.0004936557961627841,0
1.6400001049041748,0.0,0.05781054496765137,0.0,0.0,0.0009982347255572677,0.00038535709609277546,0
1.6400001049041748,0.0,0.05781054496765137,0.0,0.0,0.0009982347255572677,0.00038535709609277546,0
1.6400001049041748,0.0,0.05781054496765137,0.0,0.0,0.0011169909266754985,0.00038535709609277546,0
1.6400001049041748,0.0,0.05781054496765137,0.0,0.0,0.0021501625888049603,5.070876068202779e-05,0
1.6400001049041748,0.0,0.05781054496765137,0.0,0.0,0.002249660436064005,3.3041344522644067e-06,0
1.6400001049041748,0.0,0.05781054496765137,0.0,0.0,0.002249660436064005,3.3041344522644067e-06,0
1.6400001049041748,0.0,0.05781054496765137,0.0,0.0,0.0023550682235509157,6.566256342921406e-05,0
1.6400001049041748,0.0,0.05781054496765137,0.0,0.0,0.0018696488114073873,4.589755553752184e-05,0
1.6400001049041748,0.0,0.05781054496765137,0.0,0.0,0.002211281331256032,0.0002208140940638259,0
1.6400001049041748,0.0,0.05781054496765137,0.0,0.0,0.0021045380271971226,0.0004117600910831243,0
1.6400001049041748,0.0,0.05781054496765137,0.0,0.0,0.0021045380271971226,0.0004117600910831243,0
1.6400001049041748,0.0,0.05781054496765137,0.0,0.0,0.0021045380271971226,0.0004117600910831243,0
1.6400001049041748,0.0,0.05781054496765137,0.0,0.0,0.001955263316631317,0.00033880388946272433,0
1.6400001049041748,0.0,0.05781054496765137,0.0,0.0,0.0006462362944148481,8.679206985107157e-06,0
1.6400001049041748,0.0,0.05781054496765137,0.0,0.0,0.0015860158018767834,3.8517671782756224e-05,0
1.6400001049041748,0.0,0.05781054496765137,0.0,0.0,0.0017671749228611588,0.0002576303668320179,0
1.6400001049041748,0.0,0.05781054496765137,0.0,0.0,0.0017671749228611588,0.0002576303668320179,0
1.6400001049041748,0.0,0.05781054496765137,0.0,0.0,0.0017467883881181479,0.00014091601769905537,0
1.6400001049041748,0.0,0.05781054496765137,0.0,0.0,0.0009621568024158478,0.00020809663692489266,0
1.6400001049041748,0.0,0.05781054496765137,0.0,0.0,0.0005878139636479318,0.0002062657877104357,0
1.6400001049041748,0.0,0.05781054496765137,0.0,0.0,0.0005878139636479318,0.0002062657877104357,0
1.6400001049041748,0.0,0.05781054496765137,0.0,0.0,0.0017255917191505432,0.00015543546760454774,0
1.6400001049041748,0.0,0.05781054496765137,0.0,0.0,0.0008275738218799233,0.00015543957124464214,0
1.6400001049041748,0.0,0.05781054496765137,0.0,0.0,0.002853056648746133,0.0002575155522208661,0
1.6400001049041748,0.0,0.05781054496765137,0.0,0.0,0.002853056648746133,0.0002575155522208661,0
1.6400001049041748,0.0,0.05781054496765137,0.0,0.0,0.0007388640660792589,0.00021880441636312753,0
1.6400001049041748,0.0,0.05781054496765137,0.0,0.0,0.0020739587489515543,0.00023460648662876338,0
1.6400001049041748,0.0,0.05781054496765137,0.0,0.0,0.0007909479318186641,2.8766664399881847e-05,0
1.6400001049041748,0.0,0.05781054496765137,0.0,0.0,0.0011750170961022377,0.0001250663335667923,0
1.6400001049041748,0.0,0.05781054496765137,0.0,0.0,0.002105552004650235,0.0002596476406324655,0
1.6400001049041748,0.0,0.05781054496765137,0.0,0.0,0.002105552004650235,0.0002596476406324655,0
1.6400001049041748,0.0,0.05781054496765137,0.0,0.0,0.0010953114833682775,0.00010550789738772437,0
1.6400001049041748,0.0,0.05781054496765137,0.0,0.0,0.0012125771027058363,0.00022774595709051937,0
1.6400001049041748,0.0,0.05781054496765137,0.0,0.0,0.0012125771027058363,0.00022774595709051937,0
1.6400001049041748,0.0,0.05781054496765137,0.0,0.0,0.0016093980520963669,0.00016446338850073516,0
1.6400001049041748,0.0,0.05781054496765137,0.0,0.0,0.0014013838954269886,5.883788253413513e-05,0
1.6400001049041748,0.0,0.05781054496765137,0.0,0.0,0.001606692560017109,2.5683310013846494e-05,0
1.6400001049041748,0.0,0.05781054496765137,0.0,0.0,0.001606692560017109,2.5683310013846494e-05,0
1.6400001049041748,0.0,0.05781054496765137,0.0,0.0,0.002102871425449848,4.93832521897275e-05,0
1.6400001049041748,0.0,0.05781054496765137,0.0,0.0,0.001535673625767231,2.026978472713381e-05,0
1.6400001049041748,0.0,0.05781054496765137,0.0,0.0,0.002344034146517515,0.00012307211000006646,0
1.6400001049041748,0.0,0.05781054496765137,0.0,0.0,0.0018772282637655735,6.480525917140767e-05,0
1.6400001049041748,0.0,0.05781054496765137,0.0,0.0,0.0018772282637655735,6.480525917140767e-05,0
1.6400001049041748,0.0,0.05781054496765137,0.0,0.0,0.0017061352264136076,6.480525917140767e-05,0
1.6400001049041748,0.0,0.05781054496765137,0.0,0.0,0.0017061352264136076,0.0001142765540862456,0
1.6400001049041748,0.0,0.05781054496765137,0.0,0.0,0.0018919170834124088,0.0001561732351547107,0
1.6400001049041748,0.0,0.05781054496765137,0.0,0.0,0.0027753254398703575,4.66708152089268e-05,0
1.6400001049041748,0.0,0.05781054496765137,0.0,0.0,0.002061400795355439,7.42379852454178e-05,0
1.6400001049041748,0.0,0.05781054496765137,0.0,0.0,0.0018247428815811872,5.473817509482615e-05,0
1.6400001049041748,0.0,0.05781054496765137,0.0,0.0,0.0017490768805146217,0.0001739714207360521,0
1.6400001049041748,0.0,0.05781054496765137,0.0,0.0,0.0020810565911233425,0.00022922694915905595,0
1.6400001049041748,0.0,0.05781054496765137,0.0,0.0,0.002072589937597513,0.00022922694915905595,0
1.6400001049041748,0.0,0.05781054496765137,0.0,0.0,0.002072589937597513,0.0001510267611593008,0
1.6400001049041748,0.0,0.05781054496765137,0.0,0.0,0.00285739591345191,0.0001996333885472268,0
1.6400001049041748,0.0,0.05781054496765137,0.0,0.0,0.0016948106931522489,8.751484710955992e-05,0
1.6400001049041748,0.0,0.05781054496765137,0.0,0.0,0.0016948106931522489,8.751484710955992e-05,0
1.6400001049041748,0.0,0.05781054496765137,0.0,0.0,0.0009226109832525253,6.655932520516217e-05,0
1.6400001049041748,0.0,0.05781054496765137,0.0,0.0,0.0009226109832525253,6.655932520516217e-05,0
1.6400001049041748,0.0,0.05781054496765137,0.0,0.0,0.0015702706295996904,5.5085689382394776e-05,0
1.6400001049041748,0.0,0.05781054496765137,0.0,0.0,0.0012668194249272346,4.119814184377901e-05,0
1.6400001049041748,0.0,0.05781054496765137,0.0,0.0,0.002601511776447296,2.068534740828909e-05,0
1.6400001049041748,0.0,0.05781054496765137,0.0,0.0,0.0025290315970778465,0.00018533390539232641,0
1.6400001049041748,0.0,0.05781054496765137,0.0,0.0,0.001557084615342319,8.245464414358139e-05,0
1.6400001049041748,0.0,0.05781054496765137,0.0,0.0,0.0020366827957332134,0.00021638761973008513,0
1.6400001049041748,0.0,0.05781054496765137,0.0,0.0,0.0014382575172930956,0.00029890655423514545,0
1.6400001049041748,0.0,0.05781054496765137,0.0,0.0,0.0013715847162529826,1.3449316611513495e-05,0
1.6400001049041748,0.0,0.05781054496765137,0.0,0.0,0.0013715847162529826,1.3449316611513495e-05,0
1.6400001049041748,0.0,0.05781054496765137,0.0,0.0,0.0020396667532622814,1.8811186237144284e-05,0
1.6400001049041748,0.0,0.05781054496765137,0.0,0.0,0.0016834576381370425,9.185302587866317e-06,0
1.6400001049041748,0.0,0.05781054496765137,0.0,0.0,0.0016834576381370425,9.185302587866317e-06,0
1.6400001049041748,0.0,0.05781054496765137,0.0,0.0,0.0029144403524696827,0.000170435945619829,0
1.6400001049041748,0.0,0.05781054496765137,0.0,0.0,0.00048634185804985464,0.0001190040711662732,0
1.6400001049041748,0.0,0.05781054496765137,0.0,0.0,0.001065396354533732,6.200477218953893e-05,0
1.6400001049041748,0.0,0.05781054496765137,0.0,0.0,0.0017017442733049393,0.00011444002302596346,0
1.6400001049041748,0.0,0.05781054496765137,0.0,0.0,0.0013193069025874138,0.00016217122902162373,0
1.6400001049041748,0.0,0.05781054496765137,0.0,0.0,0.0013193069025874138,0.00016217122902162373,0
1.6400001049041748,0.0,0.05781054496765137,0.0,0.0,0.0012706879060715437,0.00022380714653991163,0
1.6400001049041748,0.0,0.05781054496765137,0.0,0.0,0.0014246721984818578,0.00030759850051254034,0
1.6400001049041748,0.0,0.05781054496765137,0.0,0.0,0.0010464334627613425,0.00042453670175746083,0
1.6400001049041748,0.0,0.05781054496765137,0.0,0.0,0.0010464334627613425,0.00042453670175746083,0
1.6400001049041748,0.0,0.05781054496765137,0.0,0.0,0.0007273328956216574,0.00021055361139588058,0
1.6400001049041748,0.0,0.05781054496765137,0.0,0.0,0.0011144428281113505,0.0004459900956135243,0
1.6400001049041748,0.0,0.05781054496765137,0.0,0.0,0.000522345770150423,0.0004411078116390854,0
1.6400001049041748,0.0,0.05781054496765137,0.0,0.0,0.0011501768603920937,0.00037489086389541626,0
1.6400001049041748,0.0,0.05781054496765137,0.0,0.0,0.001291439519263804,0.0004325699701439589,0
1.6400001049041748,0.0,0.05781054496765137,0.0,0.0,0.0026959674432873726,0.000567095645237714,0
1.6400001049041748,0.0,0.05781054496765137,0.0,0.0,0.0026959674432873726,0.000567095645237714,0
1.6400001049041748,0.0,0.05781054496765137,0.0,0.0,0.0014465524582192302,0.000567095645237714,0
1.6400001049041748,0.0,0.05781054496765137,0.0,0.0,0.0015902286395430565,0.00041741065797396004,0
1.6400001049041748,0.0,0.05781054496765137,0.0,0.0,0.0015902286395430565,0.0004236539243720472,0
1.6400001049041748,0.0,0.05781054496765137,0.0,0.0,0.0015902286395430565,0.0004236539243720472,0
1.6400001049041748,0.0,0.05781054496765137,0.0,0.0,0.0015902286395430565,0.0004236539243720472,0
1.6400001049041748,0.0,0.05781054496765137,0.0,0.0,0.0013992779422551394,0.00039894517976790667,0
1.6400001049041748,0.0,0.05781054496765137,0.0,0.0,0.0013992779422551394,0.00039894517976790667,0
1.6400001049041748,0.0,0.05781054496765137,0.0,0.0,0.0021719797514379025,0.00028716918313875794,0
1.6400001049041748,0.0,0.05781054496765137,0.0,0.0,0.0017318961909040809,0.0003418587730266154,0
1.6400001049041748,0.0,0.05781054496765137,0.0,0.0,0.001279120217077434,0.0003632563748396933,0
1.6400001049041748,0.0,0.05781054496765137,0.0,0.0,0.0018118696752935648,0.00032538684899918735,0
1.6400001049041748,0.0,0.05781054496765137,0.0,0.0,0.0018118696752935648,0.00032538684899918735,0
1.6400001049041748,0.0,0.05781054496765137,0.0,0.0,0.0018118696752935648,0.00032538684899918735,0
1.6400001049041748,0.0,0.05781054496765137,0.0,0.0,0.00033103235182352364,0.00013760486035607755,0
1.6400001049041748,0.0,0.05781054496765137,0.0,0.0,0.0013926909305155277,5.033928755437955e-05,0
1.6400001049041748,0.0,0.05781054496765137,0.0,0.0,0.0013926909305155277,0.000173888576682657,0
1.6400001049041748,0.0,0.05781054496765137,0.0,0.0,0.0013926909305155277,0.000173888576682657,0
1.6400001049041748,0.0,0.05781054496765137,0.0,0.0,0.0015944078331813216,0.0002862258115783334,0
1.6400001049041748,0.0,0.05781054496765137,0.0,0.0,0.0018375159706920385,0.00032590614864602685,0
1.6400001049041748,0.0,0.05781054496765137,0.0,0.0,0.0020878727082163095,0.00024000964185688645,0
1.6400001049041748,0.0,0.05781054496765137,0.0,0.0,0.0020878727082163095,0.00024000964185688645,0
1.6400001049041748,0.0,0.05781054496765137,0.0,0.0,0.002081480575725436,0.00034883193438872695,0
1.6400001049041748,0.0,0.05781054496765137,0.0,0.0,0.0019359117140993476,6.370925984811038e-05,0
1.6400001049041748,0.0,0.05781054496765137,0.0,0.0,0.001682241796515882,0.0002020739921135828,0
1.6400001049041748,0.0,0.05781054496765137,0.0,0.0,0.001682241796515882,0.0002020739921135828,0
1.6400001049041748,0.0,0.05781054496765137,0.0,0.0,0.0015004411106929183,0.0003520544560160488,0
1.6400001049041748,0.0,0.05781054496765137,0.0,0.0,0.0015004411106929183,0.0003520544560160488,0
1.6400001049041748,0.0,0.05781054496765137,0.0,0.0,0.0018493338720872998,0.0002966754254885018,0
1.6400001049041748,0.0,0.05781054496765137,0.0,0.0,0.0014315152075141668,0.0002966754254885018,0
1.6400001049041748,0.0,0.05781054496765137,0.0,0.0,0.0020405552349984646,0.0005299421609379351,0
1.6400001049041748,0.0,0.05781054496765137,0.0,0.0,0.0034869450610131025,0.00032336419099010527,0
1.6400001049041748,0.0,0.05781054496765137,0.0,0.0,0.002287021605297923,0.00032336419099010527,0
1.6400001049041748,0.0,0.05781054496765137,0.0,0.0,0.0012199471239000559,0.00035050432779826224,0
1.6400001049041748,0.0,0.05781054496765137,0.0,0.0,0.0012199471239000559,0.00035050432779826224,0
1.6400001049041748,0.0,0.05781054496765137,0.0,0.0,0.0010882592760026455,0.0004263834562152624,0
1.6400001049041748,0.0,0.05781054496765137,0.0,0.0,0.0018515711417421699,0.0006550573743879795,0
1.6400001049041748,0.0,0.05781054496765137,0.0,0.0,0.0018515711417421699,0.0006550573743879795,0
1.6400001049041748,0.0,0.05781054496765137,0.0,0.0,0.0015936329727992415,0.0004626073641702533,0
1.6400001049041748,0.0,0.05781054496765137,0.0,0.0,0.0015936329727992415,0.0004626073641702533,0
1.6400001049041748,0.0,0.05781054496765137,0.0,0.0,0.0015936329727992415,0.0004626073641702533,0
1.6400001049041748,0.0,0.05781054496765137,0.0,0.0,0.0010000490583479404,0.00043852601083926857,0
1.6400001049041748,0.0,0.05781054496765137,0.0,0.0,0.0017727544764056802,0.0003137550374958664,0
1.6400001049041748,0.0,0.05781054496765137,0.0,0.0,0.0023586954921483994,0.0003137550374958664,0
1.6400001049041748,0.0,0.05781054496765137,0.0,0.0,0.001088126446120441,0.0003516071883495897,0
1.6400001049041748,0.0,0.05781054496765137,0.0,0.0,0.001088126446120441,0.0003516071883495897,0
1.6400001049041748,0.0,0.05781054496765137,0.0,0.0,0.001966985873878002,0.0003516071883495897,0
1.6400001049041748,0.0,0.05781054496765137,0.0,0.0,0.00187916518189013,0.00020354682055767626,0
1.6400001049041748,0.0,0.05781054496765137,0.0,0.0,0.0030945974867790937,5.1686791266547516e-05,0
1.6400001049041748,0.0,0.05781054496765137,0.0,0.0,0.0012347878655418754,0.0002717766910791397,0
1.6400001049041748,0.0,0.05781054496765137,0.0,0.0,0.0020982881542295218,0.0002418021613266319,0
1.6400001049041748,0.0,0.05781054496765137,0.0,0.0,0.001714597106911242,0.00014160845603328198,0
1.6400001049041748,0.0,0.05781054496765137,0.0,0.0,0.0023953383788466454,0.0001631478371564299,0
1.6400001049041748,0.0,0.05781054496765137,0.0,0.0,0.0013135384069755673,0.00031263139680959284,0
1.6400001049041748,0.0,0.05781054496765137,0.0,0.0,0.001959949964657426,0.00020094691717531532,0
1.6400001049041748,0.0,0.05781054496765137,0.0,0.0,0.0018190703121945262,0.00019584206165745854,0
1.6400001049041748,0.0,0.05781054496765137,0.0,0.0,0.0005316260503605008,0.0001347859506495297,0
1.6400001049041748,0.0,0.05781054496765137,0.0,0.0,0.0005316260503605008,0.0001347859506495297,0
1.6400001049041748,0.0,0.05781054496765137,0.0,0.0,0.0011526563903316855,0.0001321127056144178,0
1.6400001049041748,0.0,0.05781054496765137,0.0,0.0,0.0006494295084849,0.00018638002802617848,0
1.6400001049041748,0.0,0.05781054496765137,0.0,0.0,0.0014005021657794714,0.00031653817859478295,0
1.6400001049041748,0.0,0.05781054496765137,0.0,0.0,0.0020866570994257927,0.00040959566831588745,0
1.6400001049041748,0.0,0.05781054496765137,0.0,0.0,0.0008126961765810847,0.00022615963825955987,0
1.6400001049041748,0.0,0.05781054496765137,0.0,0.0,0.0008126961765810847,0.00022615963825955987,0
1.6400001049041748,0.0,0.05781054496765137,0.0,0.0,0.0007460242486558855,0.00014010403538122773,0
1.6400001049041748,0.0,0.05781054496765137,0.0,0.0,0.0017136335372924805,0.0002835227351170033,0
1.6400001049041748,0.0,0.05781054496765137,0.0,0.0,0.0017136335372924805,0.0002835227351170033,0
1.6400001049041748,0.0,0.05781054496765137,0.0,0.0,0.000717385730240494,0.0003446179907768965,0
1.6400001049041748,0.0,0.05781054496765137,0.0,0.0,0.000717385730240494,0.0003446179907768965,0
1.6400001049041748,0.0,0.05781054496765137,0.0,0.0,0.0014105470618233085,0.0002506381133571267,0
1.6400001049041748,0.0,0.05781054496765137,0.0,0.0,0.0014505048748105764,0.0002655498974490911,0
1.6400001049041748,0.0,0.05781054496765137,0.0,0.0,0.0005515343509614468,0.0002807496057357639,0
1.6400001049041748,0.0,0.05781054496765137,0.0,0.0,0.0005515343509614468,0.0002807496057357639,0
1.6400001049041748,0.0,0.05781054496765137,0.0,0.0,0.0005515343509614468,0.0002807496057357639,0
1.6400001049041748,0.0,0.05781054496765137,0.0,0.0,0.0005515343509614468,0.0002807496057357639,0
1.6400001049041748,0.0,0.05781054496765137,0.0,0.0,0.00030489120399579406,0.00025260538677684963,0
1.6400001049041748,0.0,0.05781054496765137,0.0,0.0,0.00030489120399579406,0.00025260538677684963,0
1.6400001049041748,0.0,0.05781054496765137,0.0,0.0,0.00030489120399579406,0.00025260538677684963,0
1.6400001049041748,0.0,0.05781054496765137,0.0,0.0,0.00030489120399579406,0.00025260538677684963,0
1.6400001049041748,0.0,0.05781054496765137,0.0,0.0,0.00030489120399579406,0.00025260538677684963,0
1.6400001049041748,0.0,0.05781054496765137,0.0,0.0,0.00030489120399579406,0.00025260538677684963,0
1.6400001049041748,0.0,0.05781054496765137,0.0,0.0,0.0020077978260815144,0.0002271549019496888,0
1.6400001049041748,0.0,0.05781054496765137,0.0,0.0,0.0020077978260815144,0.0002271549019496888,0
1.6400001049041748,0.0,0.05781054496765137,0.0,0.0,0.0020077978260815144,0.0002271549019496888,0
1.6400001049041748,0.0,0.05781054496765137,0.0,0.0,0.0012974906712770462,0.00023991083435248584,0
1.6400001049041748,0.0,0.05781054496765137,0.0,0.0,0.0026054142508655787,0.00013244952424429357,0
1.6400001049041748,0.0,0.05781054496765137,0.0,0.0,0.0018755298806354403,4.3914882553508505e-05,0
1.6400001049041748,0.0,0.05781054496765137,0.0,0.0,0.0018755298806354403,4.3914882553508505e-05,0
1.6400001049041748,0.0,0.05781054496765137,0.0,0.0,0.0018755298806354403,4.3914882553508505e-05,0
1.6400001049041748,0.0,0.05781054496765137,0.0,0.0,0.0018755298806354403,4.3914882553508505e-05,0
1.6400001049041748,0.0,0.05781054496765137,0.0,0.0,0.0028106102254241705,0.00019280896231066436,0
1.6400001049041748,0.0,0.05781054496765137,0.0,0.0,0.0028106102254241705,0.00019280896231066436,0
1.6400001049041748,0.0,0.05781054496765137,0.0,0.0,0.001927264267578721,0.0002887766167987138,0
1.6400001049041748,0.0,0.05781054496765137,0.0,0.0,0.002906277310103178,0.0002887766167987138,0
1.6400001049041748,0.0,0.05781054496765137,0.0,0.0,0.002906277310103178,0.0002887766167987138,0
1.6400001049041748,0.0,0.05781054496765137,0.0,0.0,0.0010970239527523518,8.393710595555604e-05,0
1.6400001049041748,0.0,0.05781054496765137,0.0,0.0,0.0010970239527523518,8.393710595555604e-05,0
1.6400001049041748,0.0,0.05781054496765137,0.0,0.0,0.0010970239527523518,8.393710595555604e-05,0
1.6400001049041748,0.0,0.05781054496765137,0.0,0.0,0.0016936295432969928,0.00015448233170900494,0
1.6400001049041748,0.0,0.05781054496765137,0.0,0.0,0.0007401470793411136,8.25643801363185e-05,0
1.6400001049041748,0.0,0.05781054496765137,0.0,0.0,0.0035217704717069864,1.369070105283754e-05,0
1.6400001049041748,0.0,0.05781054496765137,0.0,0.0,0.0035217704717069864,1.369070105283754e-05,0
1.6400001049041748,0.0,0.05781054496765137,0.0,0.0,0.0025003193877637386,0.0001723827881505713,0
1.6400001049041748,0.0,0.05781054496765137,0.0,0.0,0.0025003193877637386,0.0001723827881505713,0
1.6400001049041748,0.0,0.05781054496765137,0.0,0.0,0.0025003193877637386,0.0001723827881505713,0
1.6400001049041748,0.0,0.05781054496765137,0.0,0.0,0.0025003193877637386,0.0001723827881505713,0
1.6400001049041748,0.0,0.05781054496765137,0.0,0.0,0.0025003193877637386,0.0001723827881505713,0
1.6400001049041748,0.0,0.05781054496765137,0.0,0.0,0.001992051489651203,0.0002388939174124971,0
1.6400001049041748,0.0,0.05781054496765137,0.0,0.0,0.0019011282129213214,0.00018357353110332042,0
1.6400001049041748,0.0,0.05781054496765137,0.0,0.0,0.001140149193815887,0.00014706123329233378,0
1.6400001049041748,0.0,0.05781054496765137,0.0,0.0,0.0016448844689875841,3.631227446021512e-05,0
1.6400001049041748,0.0,0.05781054496765137,0.0,0.0,0.0016448844689875841,3.390635538380593e-05,0
1.6400001049041748,0.0,0.05781054496765137,0.0,0.0,0.0016448844689875841,3.390635538380593e-05,0
1.6400001049041748,0.0,0.05781054496765137,0.0,0.0,0.0016448844689875841,3.390635538380593e-05,0
1.6400001049041748,0.0,0.05781054496765137,0.0,0.0,0.0015511662932112813,0.00032984709832817316,0
1.6400001049041748,0.0,0.05781054496765137,0.0,0.0,0.0015511662932112813,0.00043891495442949235,0
1.6400001049041748,0.0,0.05781054496765137,0.0,0.0,0.0015262676170095801,0.00046512085827998817,0
1.6400001049041748,0.0,0.05781054496765137,0.0,0.0,0.0015262676170095801,0.00046512085827998817,0
1.6400001049041748,0.0,0.05781054496765137,0.0,0.0,0.00041965843411162496,0.00026777508901432157,0
1.6400001049041748,0.0,0.05781054496765137,0.0,0.0,0.0006336364895105362,0.00029644809546880424,0
1.6400001049041748,0.0,0.05781054496765137,0.0,0.0,0.0027676839381456375,0.0001110162993427366,0
1.6400001049041748,0.0,0.05781054496765137,0.0,0.0,0.0027676839381456375,0.0001110162993427366,0
1.6400001049041748,0.0,0.05781054496765137,0.0,0.0,0.000998545903712511,0.0001663504372118041,0
1.6400001049041748,0.0,0.05781054496765137,0.0,0.0,0.0016407427610829473,3.797658428084105e-05,0
1.6400001049041748,0.0,0.05781054496765137,0.0,0.0,0.0016407427610829473,3.797658428084105e-05,0
1.6400001049041748,0.0,0.05781054496765137,0.0,0.0,0.0019823270849883556,0.00012413921649567783,0
1.6400001049041748,0.0,0.05781054496765137,0.0,0.0,0.0016318712150678039,0.00012367895396891981,0
1.6400001049041748,0.0,0.05781054496765137,0.0,0.0,0.0016318712150678039,0.00012367895396891981,0
1.6400001049041748,0.0,0.05781054496765137,0.0,0.0,0.000965585233643651,0.00013730353384744376,0
1.6400001049041748,0.0,0.05781054496765137,0.0,0.0,0.0011466254945844412,0.00011545972665771842,0
1.6400001049041748,0.0,0.05781054496765137,0.0,0.0,0.0014176475815474987,0.00011545972665771842,0
1.6400001049041748,0.0,0.05781054496765137,0.0,0.0,0.0014176475815474987,0.00024396453227382153,0
1.6400001049041748,0.0,0.05781054496765137,0.0,0.0,0.0011076927185058594,0.00026376612368039787,0
1.6400001049041748,0.0,0.05781054496765137,0.0,0.0,0.0010685949819162488,0.0004758903232868761,0
1.6400001049041748,0.0,0.05781054496765137,0.0,0.0,0.0007608786108903587,0.0005095883389003575,0
1.6400001049041748,0.0,0.05781054496765137,0.0,0.0,0.0007608786108903587,0.0005095883389003575,0
1.6400001049041748,0.0,0.05781054496765137,0.0,0.0,0.001161030842922628,0.00043806093162856996,0
1.6400001049041748,0.0,0.05781054496765137,0.0,0.0,0.00274270074442029,0.0004826822259929031,0
1.6400001049041748,0.0,0.05781054496765137,0.0,0.0,0.00274270074442029,0.0004826822259929031,0
1.6400001049041748,0.0,0.05781054496765137,0.0,0.0,0.0022088864352554083,0.00046727285371162,0
1.6400001049041748,0.0,0.05781054496765137,0.0,0.0,0.0005905164289288223,0.0006625618552789092,0
1.6400001049041748,0.0,0.05781054496765137,0.0,0.0,0.0012553025735542178,0.0007082707015797496,0
1.6400001049041748,0.0,0.05781054496765137,0.0,0.0,0.0012553025735542178,0.0007082707015797496,0
1.6400001049041748,0.0,0.05781054496765137,0.0,0.0,0.0018153840210288763,0.0007378208101727068,0
1.6400001049041748,0.0,0.05781054496765137,0.0,0.0,0.002155190333724022,0.000743341981433332,0
1.6400001049041748,0.0,0.05781054496765137,0.0,0.0,0.0014076880179345608,0.000748512742575258,0
1.6400001049041748,0.0,0.05781054496765137,0.0,0.0,0.002775548491626978,0.0006439464050345123,0
1.6400001049041748,0.0,0.05781054496765137,0.0,0.0,0.002775548491626978,0.0006439464050345123,0
1.6400001049041748,0.0,0.05781054496765137,0.0,0.0,0.001913354266434908,0.0006049490184523165,0
1.6400001049041748,0.0,0.05781054496765137,0.0,0.0,0.0021729532163590193,0.0004419778997544199,0
1.6400001049041748,0.0,0.05781054496765137,0.0,0.0,0.0021729532163590193,0.0004419778997544199,0
1.6400001049041748,0.0,0.05781054496765137,0.0,0.0,0.0021729532163590193,0.0004419778997544199,0
1.6400001049041748,0.0,0.05781054496765137,0.0,0.0,0.0011718773748725653,0.0005020533571951091,0
1.6400001049041748,0.0,0.05781054496765137,0.0,0.0,0.0005112041835673153,0.0005229937378317118,0
1.6400001049041748,0.0,0.05781054496765137,0.0,0.0,0.0014072159538045526,0.00048543541925027966,0
1.6400001049041748,0.0,0.05781054496765137,0.0,0.0,0.0014072159538045526,0.00048543541925027966,0
1.6400001049041748,0.0,0.05781054496765137,0.0,0.0,0.0014072159538045526,0.00048543541925027966,0
1.6400001049041748,0.0,0.05781054496765137,0.0,0.0,0.0014072159538045526,0.00048543541925027966,0
1.6400001049041748,0.0,0.05781054496765137,0.0,0.0,0.001299781957641244,0.0004683671868406236,0
1.6400001049041748,0.0,0.05781054496765137,0.0,0.0,0.002055059652775526,0.00027694713207893074,0
1.6400001049041748,0.0,0.05781054496765137,0.0,0.0,0.001963224960491061,0.0003362020361237228,0
1.6400001049041748,0.0,0.05781054496765137,0.0,0.0,0.001848034095019102,0.0005202153115533292,0
1.6400001049041748,0.0,0.05781054496765137,0.0,0.0,0.0007168074953369796,0.00036947507760487497,0
1.6400001049041748,0.0,0.05781054496765137,0.0,0.0,0.0014095227234065533,0.00029617740074172616,0
1.6400001049041748,0.0,0.05781054496765137,0.0,0.0,0.0014095227234065533,0.00029617740074172616,0
1.6400001049041748,0.0,0.05781054496765137,0.0,0.0,0.0014095227234065533,0.00029617740074172616,0
1.6400001049041748,0.0,0.05781054496765137,0.0,0.0,0.0015413842629641294,0.00033810679451562464,0
1.6400001049041748,0.0,0.05781054496765137,0.0,0.0,0.001866641454398632,0.00020334117289166898,0
1.6400001049041748,0.0,0.05781054496765137,0.0,0.0,0.0025877647567540407,0.00020334117289166898,0
1.6400001049041748,0.0,0.05781054496765137,0.0,0.0,0.002732302760705352,0.0004427330568432808,0
1.6400001049041748,0.0,0.05781054496765137,0.0,0.0,0.0007516727782785892,0.00034791050711646676,0
1.6400001049041748,0.0,0.05781054496765137,0.0,0.0,0.0007516727782785892,0.00034791050711646676,0
1.6400001049041748,0.0,0.05781054496765137,0.0,0.0,0.001736464793793857,0.00019197371148038656,0
1.6400001049041748,0.0,0.05781054496765137,0.0,0.0,0.0011154536623507738,6.32532246527262e-05,0
1.6400001049041748,0.0,0.05781054496765137,0.0,0.0,0.0007509904680773616,0.00015669522690586746,0
1.6400001049041748,0.0,0.05781054496765137,0.0,0.0,0.002653981326147914,7.348954386543483e-05,0
1.6400001049041748,0.0,0.05781054496765137,0.0,0.0,0.002653981326147914,7.348954386543483e-05,0
1.6400001049041748,0.0,0.05781054496765137,0.0,0.0,0.001954304752871394,0.00011617294512689114,0
1.6400001049041748,0.0,0.05781054496765137,0.0,0.0,0.0019533857703208923,5.2151441195746884e-05,0
1.6400001049041748,0.0,0.05781054496765137,0.0,0.0,0.0019533857703208923,0.00020521962142083794,0
1.6400001049041748,0.0,0.05781054496765137,0.0,0.0,0.0008449082961305976,2.6681976805775776e-07,0
1.6400001049041748,0.0,0.05781054496765137,0.0,0.0,0.0015655779279768467,0.0001862634817371145,0
1.6400001049041748,0.0,0.05781054496765137,0.0,0.0,0.0015655779279768467,0.0001862634817371145,0
1.6400001049041748,0.0,0.05781054496765137,0.0,0.0,0.0019332536030560732,0.0001510574802523479,0
1.6400001049041748,0.0,0.05781054496765137,0.0,0.0,0.0019332536030560732,0.00015040571452118456,0
1.6400001049041748,0.0,0.05781054496765137,0.0,0.0,0.0029612910002470016,4.0324961446458474e-05,0
1.6400001049041748,0.0,0.05781054496765137,0.0,0.0,0.0021752703469246626,5.2375449740793556e-05,0
1.6400001049041748,0.0,0.05781054496765137,0.0,0.0,0.0012789511820301414,1.3558105820266064e-05,0
1.6400001049041748,0.0,0.05781054496765137,0.0,0.0,0.0012789511820301414,1.3558105820266064e-05,0
1.6400001049041748,0.0,0.05781054496765137,0.0,0.0,0.0019530152203515172,7.543815445387736e-05,0
1.6400001049041748,0.0,0.05781054496765137,0.0,0.0,0.0019530152203515172,7.543815445387736e-05,0
1.6400001049041748,0.0,0.05781054496765137,0.0,0.0,0.0019530152203515172,7.543815445387736e-05,0
1.6400001049041748,0.0,0.05781054496765137,0.0,0.0,0.002247229916974902,0.0001988638105103746,0
1.6400001049041748,0.0,0.05781054496765137,0.0,0.0,0.00026300863828510046,0.00017819534696172923,0
1.6400001049041748,0.0,0.05781054496765137,0.0,0.0,0.00026300863828510046,0.00017819534696172923,0
1.6400001049041748,0.0,0.05781054496765137,0.0,0.0,0.002321833511814475,8.285058720503002e-05,0
1.6400001049041748,0.0,0.05781054496765137,0.0,0.0,0.002321833511814475,8.285058720503002e-05,0
1.6400001049041748,0.0,0.05781054496765137,0.0,0.0,0.002321833511814475,8.285058720503002e-05,0
1.6400001049041748,0.0,0.05781054496765137,0.0,0.0,0.0015581987099722028,3.5495155316311866e-05,0
1.6400001049041748,0.0,0.05781054496765137,0.0,0.0,0.0013944982783868909,1.1604942301346455e-05,0
1.6400001049041748,0.0,0.05781054496765137,0.0,0.0,0.002228062367066741,4.220619302941486e-05,0
1.6400001049041748,0.0,0.05781054496765137,0.0,0.0,0.0009691505110822618,9.909014625009149e-05,0
1.6400001049041748,0.0,0.05781054496765137,0.0,0.0,0.0024291903246194124,0.00027532977401278913,0
1.6400001049041748,0.0,0.05781054496765137,0.0,0.0,0.0021478491835296154,0.0002390213485341519,0
1.6400001049041748,0.0,0.05781054496765137,0.0,0.0,0.0024799848906695843,0.00040320493280887604,0
1.6400001049041748,0.0,0.05781054496765137,0.0,0.0,0.0021750670857727528,0.00025234275381080806,0
1.6400001049041748,0.0,0.05781054496765137,0.0,0.0,0.0019426844082772732,0.00012187191168777645,0
1.6400001049041748,0.0,0.05781054496765137,0.0,0.0,0.0019426844082772732,0.00012187191168777645,0
1.6400001049041748,0.0,0.05781054496765137,0.0,0.0,0.0016142913373187184,6.509363447548822e-05,0
1.6400001049041748,0.0,0.05781054496765137,0.0,0.0,0.001099800574593246,8.162057201843709e-05,0
1.6400001049041748,0.0,0.05781054496765137,0.0,0.0,0.0018965071067214012,3.6201952752890065e-05,0
1.6400001049041748,0.0,0.05781054496765137,0.0,0.0,0.0018880933057516813,9.626452083466575e-05,0
1.6400001049041748,0.0,0.05781054496765137,0.0,0.0,0.001868731458671391,6.332917837426066e-05,0
1.6400001049041748,0.0,0.05781054496765137,0.0,0.0,0.001868731458671391,6.332917837426066e-05,0
1.6400001049041748,0.0,0.05781054496765137,0.0,0.0,0.001868731458671391,6.332917837426066e-05,0
1.6400001049041748,0.0,0.05781054496765137,0.0,0.0,0.0025299452245235443,8.337613689946011e-05,0
1.6400001049041748,0.0,0.05781054496765137,0.0,0.0,0.0013258351245895028,0.00021711971203330904,0
1.6400001049041748,0.0,0.05781054496765137,0.0,0.0,0.0013258351245895028,0.00021711971203330904,0
1.6400001049041748,0.0,0.05781054496765137,0.0,0.0,0.001814771443605423,0.00019866805814672261,0
1.6400001049041748,0.0,0.05781054496765137,0.0,0.0,0.002745486795902252,0.00017363809456583112,0
1.6400001049041748,0.0,0.05781054496765137,0.0,0.0,0.001684655318967998,0.0001293154200538993,0
1.6400001049041748,0.0,0.05781054496765137,0.0,0.0,0.0012197145260870457,0.0001768121001077816,0
1.6400001049041748,0.0,0.05781054496765137,0.0,0.0,0.0009203650988638401,0.0003583305806387216,0
1.6400001049041748,0.0,0.05781054496765137,0.0,0.0,0.0013025355292484164,0.00023082700499799103,0
1.6400001049041748,0.0,0.05781054496765137,0.0,0.0,0.00274096941575408,0.0003840829594992101,0
1.6400001049041748,0.0,0.05781054496765137,0.0,0.0,0.0019758190028369427,0.00047749635996297,0
1.6400001049041748,0.0,0.05781054496765137,0.0,0.0,0.0019758190028369427,0.00047749635996297,0
1.6400001049041748,0.0,0.05781054496765137,0.0,0.0,0.00044200316187925637,0.0003987613890785724,0
1.6400001049041748,0.0,0.05781054496765137,0.0,0.0,0.00044200316187925637,0.0003987613890785724,0
1.6400001049041748,0.0,0.05781054496765137,0.0,0.0,0.002129643689841032,0.0003707022697199136,0
1.6400001049041748,0.0,0.05781054496765137,0.0,0.0,0.0015702903037890792,0.0002633444673847407,0
1.6400001049041748,0.0,0.05781054496765137,0.0,0.0,0.0007786318310536444,0.0003239623620174825,0
1.6400001049041748,0.0,0.05781054496765137,0.0,0.0,0.001454460434615612,0.00027901289286091924,0
1.6400001049041748,0.0,0.05781054496765137,0.0,0.0,0.001454460434615612,0.00033243189682252705,0
1.6400001049041748,0.0,0.05781054496765137,0.0,0.0,0.001168457674793899,0.00018431142962072045,0
1.6400001049041748,0.0,0.05781054496765137,0.0,0.0,0.0004134928167331964,0.000311332376440987,0
1.6400001049041748,0.0,0.05781054496765137,0.0,0.0,0.0018105002818629146,0.000311332376440987,0
1.6400001049041748,0.0,0.05781054496765137,0.0,0.0,0.0014042975381016731,0.00015086098574101925,0
1.6400001049041748,0.0,0.05781054496765137,0.0,0.0,0.0014042975381016731,0.00015086098574101925,0
1.6400001049041748,0.0,0.05781054496765137,0.0,0.0,0.0014082783600315452,0.00015086098574101925,0
1.6400001049041748,0.0,0.05781054496765137,0.0,0.0,0.0020241832826286554,8.184622129192576e-05,0
1.6400001049041748,0.0,0.05781054496765137,0.0,0.0,0.002376402961090207,6.003927410347387e-05,0
1.6400001049041748,0.0,0.05781054496765137,0.0,0.0,0.0015203950461000204,0.00017304986249655485,0
1.6400001049041748,0.0,0.05781054496765137,0.0,0.0,0.0015203950461000204,0.00017304986249655485,0
1.6400001049041748,0.0,0.05781054496765137,0.0,0.0,0.0019187262514606118,0.00022086493845563382,0
1.440778374671936,0.00014424679102376103,0.05134515091776848,0.0,0.2758671045303345,0.002166855614632368,0.2762647867202759,1
1.440778374671936,0.00014424679102376103,0.05134515091776848,0.0,0.2758671045303345,0.002166855614632368,0.2762647867202759,1
1.440778374671936,0.00014424679102376103,0.05134515091776848,0.0,0.2758671045303345,0.0015305582201108336,0.27625587582588196,1
1.440778374671936,0.00014424679102376103,0.05134515091776848,0.0,0.2758671045303345,0.0015905736945569515,0.2761531472206116,1
1.440778374671936,0.00014424679102376103,0.05134515091776848,0.0,0.2758671045303345,0.0015905736945569515,0.2761531472206116,1
1.440778374671936,0.00014424679102376103,0.05134515091776848,0.0,0.2758671045303345,0.0012813828652724624,0.27604252099990845,1
1.440778374671936,0.00014424679102376103,0.05134515091776848,0.0,0.2758671045303345,0.0019658326636999846,0.2758738100528717,1
1.440778374671936,0.00014424679102376103,0.05134515091776848,0.0,0.2758671045303345,0.0014349801931530237,0.275864839553833,1
1.440778374671936,0.00014424679102376103,0.05134515091776848,0.0,0.2758671045303345,0.0026582551654428244,0.2758163511753082,1
1.440778374671936,0.00014424679102376103,0.05134515091776848,0.0,0.2758671045303345,0.0013395652640610933,0.2758124768733978,1
1.440778374671936,0.00014424679102376103,0.05134515091776848,0.0,0.2758671045303345,0.0013395652640610933,0.2758124768733978,1
1.440778374671936,0.00014424679102376103,0.05134515091776848,0.0,0.2758671045303345,0.001656873500905931,0.27579137682914734,1
1.440778374671936,0.00014424679102376103,0.05134515091776848,0.0,0.2758671045303345,0.0014489386230707169,0.27572688460350037,1
1.440778374671936,0.00014424679102376103,0.05134515091776848,0.0,0.2758671045303345,0.0014489386230707169,0.27572688460350037,1
1.440778374671936,0.00014424679102376103,0.05134515091776848,0.0,0.2758671045303345,0.0014489386230707169,0.27572688460350037,1
1.440778374671936,0.00014424679102376103,0.05134515091776848,0.0,0.2758671045303345,0.0009539439342916012,0.2756211459636688,1
1.440778374671936,0.00014424679102376103,0.05134515091776848,0.0,0.2758671045303345,0.0019198047230020165,0.2755008935928345,1
1.440778374671936,0.00014424679102376103,0.05134515091776848,0.0,0.2758671045303345,0.0014800223289057612,0.2753872871398926,1
1.440778374671936,0.00014424679102376103,0.05134515091776848,0.0,0.2758671045303345,0.001361437956802547,0.2754707336425781,1
1.440778374671936,0.00014424679102376103,0.05134515091776848,0.0,0.2758671045303345,0.0018746121786534786,0.27528244256973267,1
1.440778374671936,0.00014424679102376103,0.05134515091776848,0.0,0.2758671045303345,0.0018746121786534786,0.27528244256973267,1
1.440778374671936,0.00014424679102376103,0.05134515091776848,0.0,0.2758671045303345,0.0020890480373054743,0.27525460720062256,1
1.440778374671936,0.00014424679102376103,0.05134515091776848,0.0,0.2758671045303345,0.0025650309398770332,0.27535247802734375,1
1.440778374671936,0.00014424679102376103,0.05134515091776848,0.0,0.2758671045303345,0.0025650309398770332,0.27535247802734375,1
1.440778374671936,0.00014424679102376103,0.05134515091776848,0.0,0.2758671045303345,0.0018161683110520244,0.27535247802734375,1
1.440778374671936,0.00014424679102376103,0.05134515091776848,0.0,0.2758671045303345,0.0014099135296419263,0.27559763193130493,1
1.440778374671936,0.00014424679102376103,0.05134515091776848,0.0,0.2758671045303345,0.001004091347567737,0.2755066156387329,1
1.440778374671936,0.00014424679102376103,0.05134515091776848,0.0,0.2758671045303345,0.002050364390015602,0.27553147077560425,1
1.440778374671936,0.00014424679102376103,0.05134515091776848,0.0,0.2758671045303345,0.001634119194932282,0.27553242444992065,1
1.440778374671936,0.00014424679102376103,0.05134515091776848,0.0,0.2758671045303345,0.001634119194932282,0.27553242444992065,1
1.440778374671936,0.00014424679102376103,0.05134515091776848,0.0,0.2758671045303345,0.0017413725145161152,0.27555304765701294,1
1.440778374671936,0.00014424679102376103,0.05134515091776848,0.0,0.2758671045303345,0.001267341896891594,0.27574536204338074,1
1.440778374671936,0.00014424679102376103,0.05134515091776848,0.0,0.2758671045303345,0.001267341896891594,0.27574536204338074,1
1.440778374671936,0.00014424679102376103,0.05134515091776848,0.0,0.2758671045303345,0.0027327709831297398,0.27569857239723206,1
1.440778374671936,0.00014424679102376103,0.05134515091776848,0.0,0.2758671045303345,0.002079952508211136,0.27576112747192383,1
1.440778374671936,0.00014424679102376103,0.05134515091776848,0.0,0.2758671045303345,0.0016405923524871469,0.27590757608413696,1
1.440778374671936,0.00014424679102376103,0.05134515091776848,0.0,0.2758671045303345,0.0006029515061527491,0.2761117219924927,1
1.440778374671936,0.00014424679102376103,0.05134515091776848,0.0,0.2758671045303345,0.0013946021208539605,0.27630048990249634,1
1.440778374671936,0.00014424679102376103,0.05134515091776848,0.0,0.2758671045303345,0.0025864876806735992,0.27620306611061096,1
1.440778374671936,0.00014424679102376103,0.05134515091776848,0.0,0.2758671045303345,0.003230314003303647,0.2763991057872772,1
1.440778374671936,0.00014424679102376103,0.05134515091776848,0.0,0.2758671045303345,0.003230314003303647,0.27643632888793945,1
1.440778374671936,0.00014424679102376103,0.05134515091776848,0.0,0.2758671045303345,0.001809114241041243,0.2765553891658783,1
1.440778374671936,0.00014424679102376103,0.05134515091776848,0.0,0.2758671045303345,0.0008299331529997289,0.2763862907886505,1
1.440778374671936,0.00014424679102376103,0.05134515091776848,0.0,0.2758671045303345,0.001153644174337387,0.27600350975990295,1
1.440778374671936,0.00014424679102376103,0.05134515091776848,0.0,0.2758671045303345,0.001153644174337387,0.27600350975990295,1
1.440778374671936,0.00014424679102376103,0.05134515091776848,0.0,0.2758671045303345,0.0008324580267071724,0.27579402923583984,1
1.440778374671936,0.00014424679102376103,0.05134515091776848,0.0,0.2758671045303345,0.0008324580267071724,0.27579402923583984,1
1.440778374671936,0.00014424679102376103,0.05134515091776848,0.0,0.2758671045303345,0.0022796590346843004,0.2757693827152252,1
1.440778374671936,0.00014424679102376103,0.05134515091776848,0.0,0.2758671045303345,0.001640553935430944,0.27575674653053284,1
1.440778374671936,0.00014424679102376103,0.05134515091776848,0.0,0.2758671045303345,0.0020437289495021105,0.2757212817668915,1
1.440778374671936,0.00014424679102376103,0.05134515091776848,0.0,0.2758671045303345,0.0017368457047268748,0.275882363319397,1
1.440778374671936,0.00014424679102376103,0.05134515091776848,0.0,0.2758671045303345,0.0019083945080637932,0.27595338225364685,1
1.440778374671936,0.00014424679102376103,0.05134515091776848,0.0,0.2758671045303345,0.003605691948905587,0.2758435010910034,1
1.440778374671936,0.00014424679102376103,0.05134515091776848,0.0,0.2758671045303345,0.0031327141914516687,0.27589675784111023,1
1.440778374671936,0.00014424679102376103,0.05134515091776848,0.0,0.2758671045303345,0.0031327141914516687,0.27589675784111023,1
1.440778374671936,0.00014424679102376103,0.05134515091776848,0.0,0.2758671045303345,0.0024757427163422108,0.2758638262748718,1
1.440778374671936,0.00014424679102376103,0.05134515091776848,0.0,0.2758671045303345,0.001027299789711833,0.2759755551815033,1
1.440778374671936,0.00014424679102376103,0.05134515091776848,0.0,0.2758671045303345,0.001225170330144465,0.2760748863220215,1
1.440778374671936,0.00014424679102376103,0.05134515091776848,0.0,0.2758671045303345,0.0011658016592264175,0.27608153223991394,1
1.440778374671936,0.00014424679102376103,0.05134515091776848,0.0,0.2758671045303345,0.0017461657989770174,0.27617454528808594,1
1.440778374671936,0.00014424679102376103,0.05134515091776848,0.0,0.2758671045303345,0.001567445113323629,0.275982528924942,1
1.440778374671936,0.00014424679102376103,0.05134515091776848,0.0,0.2758671045303345,0.0022501766216009855,0.27631479501724243,1
1.440778374671936,0.00014424679102376103,0.05134515091776848,0.0,0.2758671045303345,0.0017558876425027847,0.27611830830574036,1
1.440778374671936,0.00014424679102376103,0.05134515091776848,0.0,0.2758671045303345,0.0017558876425027847,0.27611830830574036,1
1.440778374671936,0.00014424679102376103,0.05134515091776848,0.0,0.2758671045303345,0.001517393277026713,0.27599120140075684,1
1.440778374671936,0.00014424679102376103,0.05134515091776848,0.0,0.2758671045303345,0.0002213167754234746,0.27578020095825195,1
1.440778374671936,0.00014424679102376103,0.05134515091776848,0.0,0.2758671045303345,0.001788375899195671,0.2757143974304199,1
1.440778374671936,0.00014424679102376103,0.05134515091776848,0.0,0.2758671045303345,0.001788375899195671,0.2757143974304199,1
1.440778374671936,0.00014424679102376103,0.05134515091776848,0.0,0.2758671045303345,0.0006880146102048457,0.2758558690547943,1
1.440778374671936,0.00014424679102376103,0.05134515091776848,0.0,0.2758671045303345,0.0014129376504570246,0.27592524886131287,1
1.440778374671936,0.00014424679102376103,0.05134515091776848,0.0,0.2758671045303345,0.0016409872332587838,0.2760455012321472,1
1.440778374671936,0.00014424679102376103,0.05134515091776848,0.0,0.2758671045303345,0.0008901604451239109,0.27579963207244873,1
1.440778374671936,0.00014424679102376103,0.05134515091776848,0.0,0.2758671045303345,0.0008901604451239109,0.27579963207244873,1
1.440778374671936,0.00014424679102376103,0.05134515091776848,0.0,0.2758671045303345,0.0010978077771142125,0.2758987545967102,1
1.440778374671936,0.00014424679102376103,0.05134515091776848,0.0,0.2758671045303345,0.0016338820569217205,0.2757885158061981,1
1.440778374671936,0.00014424679102376103,0.05134515091776848,0.0,0.2758671045303345,0.000717120070476085,0.27579209208488464,1
1.440778374671936,0.00014424679102376103,0.05134515091776848,0.0,0.2758671045303345,0.000717120070476085,0.27579209208488464,1
1.440778374671936,0.00014424679102376103,0.05134515091776848,0.0,0.2758671045303345,0.00196607643738389,0.2757676839828491,1
1.440778374671936,0.00014424679102376103,0.05134515091776848,0.0,0.2758671045303345,0.00321500888094306,0.27613529562950134,1
1.440778374671936,0.00014424679102376103,0.05134515091776848,0.0,0.2758671045303345,0.0007967393612489104,0.2762260437011719,1
1.440778374671936,0.00014424679102376103,0.05134515091776848,0.0,0.2758671045303345,0.0019289965275675058,0.2761079967021942,1
1.440778374671936,0.00014424679102376103,0.05134515091776848,0.0,0.2758671045303345,0.0003870222717523575,0.27608588337898254,1
1.440778374671936,0.00014424679102376103,0.05134515091776848,0.0,0.2758671045303345,0.0017134362133219838,0.2759631872177124,1
1.440778374671936,0.00014424679102376103,0.05134515091776848,0.0,0.2758671045303345,0.0022959031630307436,0.27594736218452454,1
1.440778374671936,0.00014424679102376103,0.05134515091776848,0.0,0.2758671045303345,0.0022959031630307436,0.27594736218452454,1
1.440778374671936,0.00014424679102376103,0.05134515091776848,0.0,0.2758671045303345,0.00117869907990098,0.2760402262210846,1
1.440778374671936,0.00014424679102376103,0.05134515091776848,0.0,0.2758671045303345,0.0014587626792490482,0.276155561208725,1
1.440778374671936,0.00014424679102376103,0.05134515091776848,0.0,0.2758671045303345,0.0005340954521670938,0.2763890027999878,1
1.440778374671936,0.00014424679102376103,0.05134515091776848,0.0,0.2758671045303345,0.0008605375769548118,0.27628275752067566,1
1.440778374671936,0.00014424679102376103,0.05134515091776848,0.0,0.2758671045303345,0.0017054224153980613,0.27608543634414673,1
1.440778374671936,0.00014424679102376103,0.05134515091776848,0.0,0.2758671045303345,0.0017054224153980613,0.27608543634414673,1
1.440778374671936,0.00014424679102376103,0.05134515091776848,0.0,0.2758671045303345,0.0018310085870325565,0.27601999044418335,1
1.440778374671936,0.00014424679102376103,0.05134515091776848,0.0,0.2758671045303345,0.0016344585455954075,0.27601999044418335,1
1.440778374671936,0.00014424679102376103,0.05134515091776848,0.0,0.2758671045303345,0.0022091991268098354,0.27597591280937195,1
1.440778374671936,0.00014424679102376103,0.05134515091776848,0.0,0.2758671045303345,0.0022091991268098354,0.27597591280937195,1
1.440778374671936,0.00014424679102376103,0.05134515091776848,0.0,0.2758671045303345,0.0006375485099852085,0.27565616369247437,1
1.440778374671936,0.00014424679102376103,0.05134515091776848,0.0,0.2758671045303345,0.0005643574986606836,0.27552175521850586,1
1.440778374671936,0.00014424679102376103,0.05134515091776848,0.0,0.2758671045303345,0.0005643574986606836,0.27552175521850586,1
1.440778374671936,0.00014424679102376103,0.05134515091776848,0.0,0.2758671045303345,0.0021551845129579306,0.27573803067207336,1
1.440778374671936,0.00014424679102376103,0.05134515091776848,0.0,0.2758671045303345,0.001908969134092331,0.2757398784160614,1
1.440778374671936,0.00014424679102376103,0.05134515091776848,0.0,0.2758671045303345,0.002356849377974868,0.2759074866771698,1
1.440778374671936,0.00014424679102376103,0.05134515091776848,0.0,0.2758671045303345,0.002356849377974868,0.2759074866771698,1
1.440778374671936,0.00014424679102376103,0.05134515091776848,0.0,0.2758671045303345,0.0020231499802321196,0.27585723996162415,1
1.440778374671936,0.00014424679102376103,0.05134515091776848,0.0,0.2758671045303345,0.0004031534190289676,0.2757679522037506,1
1.440778374671936,0.00014424679102376103,0.05134515091776848,0.0,0.2758671045303345,0.002070088405162096,0.27566879987716675,1
1.440778374671936,0.00014424679102376103,0.05134515091776848,0.0,0.2758671045303345,0.0009632588480599225,0.2755655348300934,1
1.440778374671936,0.00014424679102376103,0.05134515091776848,0.0,0.2758671045303345,0.0010864785872399807,0.27562522888183594,1
1.440778374671936,0.00014424679102376103,0.05134515091776848,0.0,0.2758671045303345,0.0010864785872399807,0.27562522888183594,1
1.440778374671936,0.00014424679102376103,0.05134515091776848,0.0,0.2758671045303345,0.0006613926962018013,0.27572107315063477,1
1.440778374671936,0.00014424679102376103,0.05134515091776848,0.0,0.2758671045303345,0.0015255584148690104,0.27576935291290283,1
1.440778374671936,0.00014424679102376103,0.05134515091776848,0.0,0.2758671045303345,0.0015255584148690104,0.27576935291290283,1
1.440778374671936,0.00014424679102376103,0.05134515091776848,0.0,0.2758671045303345,0.0006136961164884269,0.27558138966560364,1
1.440778374671936,0.00014424679102376103,0.05134515091776848,0.0,0.2758671045303345,0.0006136961164884269,0.27558138966560364,1
1.440778374671936,0.00014424679102376103,0.05134515091776848,0.0,0.2758671045303345,0.0030388948507606983,0.27555254101753235,1
1.440778374671936,0.00014424679102376103,0.05134515091776848,0.0,0.2758671045303345,0.0009036711999215186,0.27549421787261963,1
1.440778374671936,0.00014424679102376103,0.05134515091776848,0.0,0.2758671045303345,0.0017012578900903463,0.27541282773017883,1
1.440778374671936,0.00014424679102376103,0.05134515091776848,0.0,0.2758671045303345,0.002632603980600834,0.2754463851451874,1
1.440778374671936,0.00014424679102376103,0.05134515091776848,0.0,0.2758671045303345,0.002632603980600834,0.2754463851451874,1
1.440778374671936,0.00014424679102376103,0.05134515091776848,0.0,0.2758671045303345,0.0009545156499370933,0.27543798089027405,1
1.440778374671936,0.00014424679102376103,0.05134515091776848,0.0,0.2758671045303345,0.0021545030176639557,0.27560386061668396,1
1.440778374671936,0.00014424679102376103,0.05134515091776848,0.0,0.2758671045303345,0.0012861230643466115,0.27548670768737793,1
1.440778374671936,0.00014424679102376103,0.05134515091776848,0.0,0.2758671045303345,0.0012861230643466115,0.27548670768737793,1
1.440778374671936,0.00014424679102376103,0.05134515091776848,0.0,0.2758671045303345,0.0011928919702768326,0.27571049332618713,1
1.440778374671936,0.00014424679102376103,0.05134515091776848,0.0,0.2758671045303345,0.0011893609771504998,0.2756871283054352,1
1.440778374671936,0.00014424679102376103,0.05134515091776848,0.0,0.2758671045303345,0.0011893609771504998,0.2756871283054352,1
1.440778374671936,0.00014424679102376103,0.05134515091776848,0.0,0.2758671045303345,0.0002795008185785264,0.27559709548950195,1
1.440778374671936,0.00014424679102376103,0.05134515091776848,0.0,0.2758671045303345,0.0002795008185785264,0.27559709548950195,1
1.440778374671936,0.00014424679102376103,0.05134515091776848,0.0,0.2758671045303345,0.001694051781669259,0.27583760023117065,1
1.440778374671936,0.00014424679102376103,0.05134515091776848,0.0,0.2758671045303345,0.0009147399105131626,0.2758858799934387,1
1.440778374671936,0.00014424679102376103,0.05134515091776848,0.0,0.2758671045303345,0.0009147399105131626,0.2758858799934387,1
1.440778374671936,0.00014424679102376103,0.05134515091776848,0.0,0.2758671045303345,0.0007824756321497262,0.2759094536304474,1
1.440778374671936,0.00014424679102376103,0.05134515091776848,0.0,0.2758671045303345,0.001721181790344417,0.2760702073574066,1
1.440778374671936,0.00014424679102376103,0.05134515091776848,0.0,0.2758671045303345,0.0020337863825261593,0.2763914167881012,1
1.440778374671936,0.00014424679102376103,0.05134515091776848,0.0,0.2758671045303345,0.0008228133083321154,0.2763558030128479,1
1.440778374671936,0.00014424679102376103,0.05134515091776848,0.0,0.2758671045303345,0.0018517238786444068,0.2761729061603546,1
1.440778374671936,0.00014424679102376103,0.05134515091776848,0.0,0.2758671045303345,0.0018517238786444068,0.2761729061603546,1
1.440778374671936,0.00014424679102376103,0.05134515091776848,0.0,0.2758671045303345,0.0017632051603868604,0.2761726677417755,1
1.440778374671936,0.00014424679102376103,0.05134515091776848,0.0,0.2758671045303345,9.639293421059847e-05,0.27613332867622375,1
1.440778374671936,0.00014424679102376103,0.05134515091776848,0.0,0.2758671045303345,0.0013757942942902446,0.2761910855770111,1
1.440778374671936,0.00014424679102376103,0.05134515091776848,0.0,0.2758671045303345,0.0011617215350270271,0.2761910855770111,1
1.440778374671936,0.00014424679102376103,0.05134515091776848,0.0,0.2758671045303345,0.0016042322386056185,0.27597716450691223,1
1.440778374671936,0.00014424679102376103,0.05134515091776848,0.0,0.2758671045303345,0.0013353137765079737,0.27600565552711487,1
1.440778374671936,0.00014424679102376103,0.05134515091776848,0.0,0.2758671045303345,0.0013529259013012052,0.2759164273738861,1
1.440778374671936,0.00014424679102376103,0.05134515091776848,0.0,0.2758671045303345,0.0013529259013012052,0.2759164273738861,1
1.440778374671936,0.00014424679102376103,0.05134515091776848,0.0,0.2758671045303345,0.002278129104524851,0.275915265083313,1
1.440778374671936,0.00014424679102376103,0.05134515091776848,0.0,0.2758671045303345,0.0013434917200356722,0.27606406807899475,1
1.440778374671936,0.00014424679102376103,0.05134515091776848,0.0,0.2758671045303345,0.001049941056407988,0.27590927481651306,1
1.440778374671936,0.00014424679102376103,0.05134515091776848,0.0,0.2758671045303345,0.002691552508622408,0.27578863501548767,1
1.440778374671936,0.00014424679102376103,0.05134515091776848,0.0,0.2758671045303345,0.002691552508622408,0.27578863501548767,1
1.440778374671936,0.00014424679102376103,0.05134515091776848,0.0,0.2758671045303345,0.002887013601139188,0.27553775906562805,1
1.440778374671936,0.00014424679102376103,0.05134515091776848,0.0,0.2758671045303345,0.001497049699537456,0.275591105222702,1
1.440778374671936,0.00014424679102376103,0.05134515091776848,0.0,0.2758671045303345,0.0034317225217819214,0.27559420466423035,1
1.440778374671936,0.00014424679102376103,0.05134515091776848,0.0,0.2758671045303345,0.0011826885165646672,0.27570658922195435,1
1.440778374671936,0.00014424679102376103,0.05134515091776848,0.0,0.2758671045303345,0.0011826885165646672,0.27570658922195435,1
1.440778374671936,0.00014424679102376103,0.05134515091776848,0.0,0.2758671045303345,0.0007539420621469617,0.2755989134311676,1
1.440778374671936,0.00014424679102376103,0.05134515091776848,0.0,0.2758671045303345,0.0012833933578804135,0.27560678124427795,1
1.440778374671936,0.00014424679102376103,0.05134515091776848,0.0,0.2758671045303345,0.0012833933578804135,0.27587252855300903,1
1.440778374671936,0.00014424679102376103,0.05134515091776848,0.0,0.2758671045303345,0.002478435169905424,0.27610692381858826,1
1.440778374671936,0.00014424679102376103,0.05134515091776848,0.0,0.2758671045303345,0.002478435169905424,0.27610692381858826,1
1.440778374671936,0.00014424679102376103,0.05134515091776848,0.0,0.2758671045303345,0.0009042805759236217,0.2760821580886841,1
1.440778374671936,0.00014424679102376103,0.05134515091776848,0.0,0.2758671045303345,0.0020722239278256893,0.27580851316452026,1
1.440778374671936,0.00014424679102376103,0.05134515091776848,0.0,0.2758671045303345,0.0019675418734550476,0.27580851316452026,1
1.440778374671936,0.00014424679102376103,0.05134515091776848,0.0,0.2758671045303345,0.0019675418734550476,0.27581846714019775,1
1.440778374671936,0.00014424679102376103,0.05134515091776848,0.0,0.2758671045303345,0.0010729968780651689,0.2759073078632355,1
1.440778374671936,0.00014424679102376103,0.05134515091776848,0.0,0.2758671045303345,0.0008480914984829724,0.2757839262485504,1
1.440778374671936,0.00014424679102376103,0.05134515091776848,0.0,0.2758671045303345,0.002206035889685154,0.2757839262485504,1
1.440778374671936,0.00014424679102376103,0.05134515091776848,0.0,0.2758671045303345,0.002206035889685154,0.27577903866767883,1
1.440778374671936,0.00014424679102376103,0.05134515091776848,0.0,0.2758671045303345,0.0023778423201292753,0.2758678197860718,1
1.440778374671936,0.00014424679102376103,0.05134515091776848,0.0,0.2758671045303345,0.001169938244856894,0.2758617699146271,1
1.440778374671936,0.00014424679102376103,0.05134515091776848,0.0,0.2758671045303345,0.0025605701375752687,0.27576231956481934,1
1.440778374671936,0.00014424679102376103,0.05134515091776848,0.0,0.2758671045303345,0.0015908643836155534,0.27598634362220764,1
1.440778374671936,0.00014424679102376103,0.05134515091776848,0.0,0.2758671045303345,0.002584362169727683,0.27598097920417786,1
1.440778374671936,0.00014424679102376103,0.05134515091776848,0.0,0.2758671045303345,0.002584362169727683,0.27598097920417786,1
1.440778374671936,0.00014424679102376103,0.05134515091776848,0.0,0.2758671045303345,0.002238771179690957,0.276089608669281,1
1.440778374671936,0.00014424679102376103,0.05134515091776848,0.0,0.2758671045303345,0.0013718630652874708,0.2759137451648712,1
1.440778374671936,0.00014424679102376103,0.05134515091776848,0.0,0.2758671045303345,0.001569665502756834,0.27572134137153625,1
1.440778374671936,0.00014424679102376103,0.05134515091776848,0.0,0.2758671045303345,0.0011207940988242626,0.27569669485092163,1
1.440778374671936,0.00014424679102376103,0.05134515091776848,0.0,0.2758671045303345,0.0017616220284253359,0.2758769989013672,1
1.440778374671936,0.00014424679102376103,0.05134515091776848,0.0,0.2758671045303345,0.001464656088501215,0.27588266134262085,1
1.440778374671936,0.00014424679102376103,0.05134515091776848,0.0,0.2758671045303345,0.001464656088501215,0.27588266134262085,1
1.440778374671936,0.00014424679102376103,0.05134515091776848,0.0,0.2758671045303345,0.0011296886950731277,0.2759803533554077,1
1.440778374671936,0.00014424679102376103,0.05134515091776848,0.0,0.2758671045303345,0.0018423359142616391,0.2758950889110565,1
1.440778374671936,0.00014424679102376103,0.05134515091776848,0.0,0.2758671045303345,0.0018423359142616391,0.2758950889110565,1
1.440778374671936,0.00014424679102376103,0.05134515091776848,0.0,0.2758671045303345,0.0014425297267735004,0.27611491084098816,1
1.440778374671936,0.00014424679102376103,0.05134515091776848,0.0,0.2758671045303345,0.0014425297267735004,0.27611491084098816,1
1.440778374671936,0.00014424679102376103,0.05134515091776848,0.0,0.2758671045303345,0.0015545260393992066,0.2760154902935028,1
1.440778374671936,0.00014424679102376103,0.05134515091776848,0.0,0.2758671045303345,0.0009830589406192303,0.27588850259780884,1
1.440778374671936,0.00014424679102376103,0.05134515091776848,0.0,0.2758671045303345,0.0017580334097146988,0.27588072419166565,1
1.440778374671936,0.00014424679102376103,0.05134515091776848,0.0,0.2758671045303345,0.0011219418374821544,0.27607300877571106,1
1.440778374671936,0.00014424679102376103,0.05134515091776848,0.0,0.2758671045303345,0.0014704546192660928,0.27615639567375183,1
1.440778374671936,0.00014424679102376103,0.05134515091776848,0.0,0.2758671045303345,0.0014704546192660928,0.27615639567375183,1
1.440778374671936,0.00014424679102376103,0.05134515091776848,0.0,0.2758671045303345,0.0008712579729035497,0.27579882740974426,1
1.440778374671936,0.00014424679102376103,0.05134515091776848,0.0,0.2758671045303345,0.001085100113414228,0.27579882740974426,1
1.440778374671936,0.00014424679102376103,0.05134515091776848,0.0,0.2758671045303345,0.0007969941361807287,0.2758031189441681,1
1.440778374671936,0.00014424679102376103,0.05134515091776848,0.0,0.2758671045303345,0.001010499894618988,0.27591973543167114,1
1.440778374671936,0.00014424679102376103,0.05134515091776848,0.0,0.2758671045303345,0.0011547920294106007,0.27569013833999634,1
1.440778374671936,0.00014424679102376103,0.05134515091776848,0.0,0.2758671045303345,0.0017414456233382225,0.2758055329322815,1
1.440778374671936,0.00014424679102376103,0.05134515091776848,0.0,0.2758671045303345,0.00317179411649704,0.2758055329322815,1
1.440778374671936,0.00014424679102376103,0.05134515091776848,0.0,0.2758671045303345,0.0008590667275711894,0.27575334906578064,1
1.440778374671936,0.00014424679102376103,0.05134515091776848,0.0,0.2758671045303345,0.0008590667275711894,0.275720477104187,1
1.440778374671936,0.00014424679102376103,0.05134515091776848,0.0,0.2758671045303345,0.001580776646733284,0.27584558725357056,1
1.440778374671936,0.00014424679102376103,0.05134515091776848,0.0,0.2758671045303345,0.0019054199801757932,0.27575644850730896,1
1.440778374671936,0.00014424679102376103,0.05134515091776848,0.0,0.2758671045303345,0.0019791708327829838,0.2756800055503845,1
1.440778374671936,0.00014424679102376103,0.05134515091776848,0.0,0.2758671045303345,0.0019791708327829838,0.2756800055503845,1
1.440778374671936,0.00014424679102376103,0.05134515091776848,0.0,0.2758671045303345,0.0033323594834655523,0.2756870985031128,1
1.440778374671936,0.00014424679102376103,0.05134515091776848,0.0,0.2758671045303345,0.0028781972359865904,0.2757353186607361,1
1.440778374671936,0.00014424679102376103,0.05134515091776848,0.0,0.2758671045303345,0.0028781972359865904,0.2757353186607361,1
1.440778374671936,0.00014424679102376103,0.05134515091776848,0.0,0.2758671045303345,0.0012379952240735292,0.27591240406036377,1
1.440778374671936,0.00014424679102376103,0.05134515091776848,0.0,0.2758671045303345,0.0024265425745397806,0.2757870852947235,1
1.440778374671936,0.00014424679102376103,0.05134515091776848,0.0,0.2758671045303345,0.0024265425745397806,0.2757870852947235,1
1.440778374671936,0.00014424679102376103,0.05134515091776848,0.0,0.2758671045303345,0.0024265425745397806,0.2757870852947235,1
1.440778374671936,0.00014424679102376103,0.05134515091776848,0.0,0.2758671045303345,0.0017460890812799335,0.27580854296684265,1
1.440778374671936,0.00014424679102376103,0.05134515091776848,0.0,0.2758671045303345,0.001176898367702961,0.2758648693561554,1
1.440778374671936,0.00014424679102376103,0.05134515091776848,0.0,0.2758671045303345,0.001176898367702961,0.2758648693561554,1
1.440778374671936,0.00014424679102376103,0.05134515091776848,0.0,0.2758671045303345,0.0009129137033596635,0.27588745951652527,1
1.440778374671936,0.00014424679102376103,0.05134515091776848,0.0,0.2758671045303345,0.0009129137033596635,0.27588745951652527,1
1.440778374671936,0.00014424679102376103,0.05134515091776848,0.0,0.2758671045303345,0.0013165650889277458,0.27572646737098694,1
1.440778374671936,0.00014424679102376103,0.05134515091776848,0.0,0.2758671045303345,0.0015943677863106132,0.2757014334201813,1
1.440778374671936,0.00014424679102376103,0.05134515091776848,0.0,0.2758671045303345,0.001669112010858953,0.2756560444831848,1
1.440778374671936,0.00014424679102376103,0.05134515091776848,0.0,0.2758671045303345,0.0011732206912711263,0.2757970690727234,1
1.440778374671936,0.00014424679102376103,0.05134515091776848,0.0,0.2758671045303345,0.0011732206912711263,0.2757970690727234,1
1.440778374671936,0.00014424679102376103,0.05134515091776848,0.0,0.2758671045303345,0.0011732206912711263,0.2757970690727234,1
1.440778374671936,0.00014424679102376103,0.05134515091776848,0.0,0.2758671045303345,0.0018159974133595824,0.275962769985199,1
1.440778374671936,0.00014424679102376103,0.05134515091776848,0.0,0.2758671045303345,0.0017643605824559927,0.2760341167449951,1
1.440778374671936,0.00014424679102376103,0.05134515091776848,0.0,0.2758671045303345,0.000416996655985713,0.27623772621154785,1
1.440778374671936,0.00014424679102376103,0.05134515091776848,0.0,0.2758671045303345,0.000416996655985713,0.27623772621154785,1
1.440778374671936,0.00014424679102376103,0.05134515091776848,0.0,0.2758671045303345,0.0011768642580136657,0.2761619985103607,1
1.440778374671936,0.00014424679102376103,0.05134515091776848,0.0,0.2758671045303345,0.0015532835386693478,0.2761619985103607,1
1.440778374671936,0.00014424679102376103,0.05134515091776848,0.0,0.2758671045303345,0.0031050166580826044,0.2760131359100342,1
1.440778374671936,0.00014424679102376103,0.05134515091776848,0.0,0.2758671045303345,0.0010567320277914405,0.2761269807815552,1
1.440778374671936,0.00014424679102376103,0.05134515091776848,0.0,0.2758671045303345,0.0010567320277914405,0.2761269807815552,1
1.440778374671936,0.00014424679102376103,0.05134515091776848,0.0,0.2758671045303345,0.0016606568824499846,0.2761143147945404,1
1.440778374671936,0.00014424679102376103,0.05134515091776848,0.0,0.2758671045303345,0.0016606568824499846,0.2761143147945404,1
1.440778374671936,0.00014424679102376103,0.05134515091776848,0.0,0.2758671045303345,0.0016606568824499846,0.2761143147945404,1
1.440778374671936,0.00014424679102376103,0.05134515091776848,0.0,0.2758671045303345,0.0014263708144426346,0.2760603427886963,1
1.440778374671936,0.00014424679102376103,0.05134515091776848,0.0,0.2758671045303345,0.0018657315522432327,0.275998592376709,1
1.440778374671936,0.00014424679102376103,0.05134515091776848,0.0,0.2758671045303345,0.0018657315522432327,0.2760055363178253,1
1.440778374671936,0.00014424679102376103,0.05134515091776848,0.0,0.2758671045303345,0.0018657315522432327,0.2760055363178253,1
1.440778374671936,0.00014424679102376103,0.05134515091776848,0.0,0.2758671045303345,0.0018657315522432327,0.2760055363178253,1
1.440778374671936,0.00014424679102376103,0.05134515091776848,0.0,0.2758671045303345,0.001560877193696797,0.27586546540260315,1
1.440778374671936,0.00014424679102376103,0.05134515091776848,0.0,0.2758671045303345,0.0020052113104611635,0.2758573889732361,1
1.440778374671936,0.00014424679102376103,0.05134515091776848,0.0,0.2758671045303345,0.0020052113104611635,0.2758573889732361,1
1.440778374671936,0.00014424679102376103,0.05134515091776848,0.0,0.2758671045303345,0.0016013849526643753,0.27596285939216614,1
1.440778374671936,0.00014424679102376103,0.05134515091776848,0.0,0.2758671045303345,0.0016013849526643753,0.2759250998497009,1
1.440778374671936,0.00014424679102376103,0.05134515091776848,0.0,0.2758671045303345,0.0019962014630436897,0.2759280502796173,1
1.440778374671936,0.00014424679102376103,0.05134515091776848,0.0,0.2758671045303345,0.0019212247570976615,0.27599650621414185,1
1.440778374671936,0.00014424679102376103,0.05134515091776848,0.0,0.2758671045303345,0.0019212247570976615,0.27599650621414185,1
1.440778374671936,0.00014424679102376103,0.05134515091776848,0.0,0.2758671045303345,0.0022310197819024324,0.27592819929122925,1
1.440778374671936,0.00014424679102376103,0.05134515091776848,0.0,0.2758671045303345,0.0008052720222622156,0.2758927643299103,1
1.440778374671936,0.00014424679102376103,0.05134515091776848,0.0,0.2758671045303345,0.0008052720222622156,0.2758927643299103,1
1.440778374671936,0.00014424679102376103,0.05134515091776848,0.0,0.2758671045303345,0.0018075475236400962,0.27600735425949097,1
1.440778374671936,0.00014424679102376103,0.05134515091776848,0.0,0.2758671045303345,0.0012253063032403588,0.2759208381175995,1
1.440778374671936,0.00014424679102376103,0.05134515091776848,0.0,0.2758671045303345,0.001941615715622902,0.2759034037590027,1
1.440778374671936,0.00014424679102376103,0.05134515091776848,0.0,0.2758671045303345,0.001362342736683786,0.2756842076778412,1
1.440778374671936,0.00014424679102376103,0.05134515091776848,0.0,0.2758671045303345,0.0014836908085271716,0.27564549446105957,1
1.440778374671936,0.00014424679102376103,0.05134515091776848,0.0,0.2758671045303345,0.0014836908085271716,0.27564549446105957,1
1.440778374671936,0.00014424679102376103,0.05134515091776848,0.0,0.2758671045303345,0.0016702214488759637,0.27568310499191284,1
1.440778374671936,0.00014424679102376103,0.05134515091776848,0.0,0.2758671045303345,0.0013004769571125507,0.275666207075119,1
1.440778374671936,0.00014424679102376103,0.05134515091776848,0.0,0.2758671045303345,0.0025962605141103268,0.27575409412384033,1
1.440778374671936,0.00014424679102376103,0.05134515091776848,0.0,0.2758671045303345,0.0014817877672612667,0.27553778886795044,1
1.440778374671936,0.00014424679102376103,0.05134515091776848,0.0,0.2758671045303345,0.0018203937215730548,0.27563104033470154,1
1.440778374671936,0.00014424679102376103,0.05134515091776848,0.0,0.2758671045303345,0.0007648271857760847,0.2754457890987396,1
1.440778374671936,0.00014424679102376103,0.05134515091776848,0.0,0.2758671045303345,0.0022721257992088795,0.2752968966960907,1
1.440778374671936,0.00014424679102376103,0.05134515091776848,0.0,0.2758671045303345,0.002372216433286667,0.2751551568508148,1
1.440778374671936,0.00014424679102376103,0.05134515091776848,0.0,0.2758671045303345,0.002372216433286667,0.2751551568508148,1
1.440778374671936,0.00014424679102376103,0.05134515091776848,0.0,0.2758671045303345,0.002906979061663151,0.2752811312675476,1
1.440778374671936,0.00014424679102376103,0.05134515091776848,0.0,0.2758671045303345,0.0014418852515518665,0.2757508456707001,1
1.440778374671936,0.00014424679102376103,0.05134515091776848,0.0,0.2758671045303345,0.0014418852515518665,0.2757508456707001,1
1.440778374671936,0.00014424679102376103,0.05134515091776848,0.0,0.2758671045303345,0.0014418852515518665,0.2757508456707001,1
1.440778374671936,0.00014424679102376103,0.05134515091776848,0.0,0.2758671045303345,0.0018710652366280556,0.2759806215763092,1
1.440778374671936,0.00014424679102376103,0.05134515091776848,0.0,0.2758671045303345,0.0008747110259719193,0.2759157419204712,1
1.440778374671936,0.00014424679102376103,0.05134515091776848,0.0,0.2758671045303345,0.00043090403778478503,0.2756746709346771,1
1.440778374671936,0.00014424679102376103,0.05134515091776848,0.0,0.2758671045303345,0.0012725509004667401,0.27563074231147766,1
1.440778374671936,0.00014424679102376103,0.05134515091776848,0.0,0.2758671045303345,0.0012725509004667401,0.27563074231147766,1
1.440778374671936,0.00014424679102376103,0.05134515091776848,0.0,0.2758671045303345,0.0008455723291262984,0.2756113111972809,1
1.440778374671936,0.00014424679102376103,0.05134515091776848,0.0,0.2758671045303345,0.0006515394197776914,0.2757128179073334,1
1.440778374671936,0.00014424679102376103,0.05134515091776848,0.0,0.2758671045303345,0.0014871078310534358,0.27578917145729065,1
1.440778374671936,0.00014424679102376103,0.05134515091776848,0.0,0.2758671045303345,0.002968801651149988,0.27578917145729065,1
1.440778374671936,0.00014424679102376103,0.05134515091776848,0.0,0.2758671045303345,0.002968801651149988,0.2759167551994324,1
1.440778374671936,0.00014424679102376103,0.05134515091776848,0.0,0.2758671045303345,0.001413075253367424,0.27581986784935,1
1.440778374671936,0.00014424679102376103,0.05134515091776848,0.0,0.2758671045303345,0.001413075253367424,0.27581986784935,1
1.440778374671936,0.00014424679102376103,0.05134515091776848,0.0,0.2758671045303345,0.0019204705022275448,0.2758457362651825,1
1.440778374671936,0.00014424679102376103,0.05134515091776848,0.0,0.2758671045303345,0.00118828855920583,0.27575579285621643,1
1.440778374671936,0.00014424679102376103,0.05134515091776848,0.0,0.2758671045303345,0.0009817196987569332,0.27575579285621643,1
1.440778374671936,0.00014424679102376103,0.05134515091776848,0.0,0.2758671045303345,0.001234774012118578,0.2757386565208435,1
1.440778374671936,0.00014424679102376103,0.05134515091776848,0.0,0.2758671045303345,0.001234774012118578,0.2759166657924652,1
1.440778374671936,0.00014424679102376103,0.05134515091776848,0.0,0.2758671045303345,0.002068158006295562,0.2758964002132416,1
1.440778374671936,0.00014424679102376103,0.05134515091776848,0.0,0.2758671045303345,0.0012972296681255102,0.27598947286605835,1
1.440778374671936,0.00014424679102376103,0.05134515091776848,0.0,0.2758671045303345,0.0016237186500802636,0.2761937975883484,1
1.440778374671936,0.00014424679102376103,0.05134515091776848,0.0,0.2758671045303345,0.0016225334256887436,0.2761387228965759,1
1.440778374671936,0.00014424679102376103,0.05134515091776848,0.0,0.2758671045303345,0.0013690940104424953,0.2759961187839508,1
1.440778374671936,0.00014424679102376103,0.05134515091776848,0.0,0.2758671045303345,0.0013690940104424953,0.2759961187839508,1
1.440778374671936,0.00014424679102376103,0.05134515091776848,0.0,0.2758671045303345,0.0013690940104424953,0.2759961187839508,1
1.440778374671936,0.00014424679102376103,0.05134515091776848,0.0,0.2758671045303345,0.0013583654072135687,0.2760430872440338,1
1.440778374671936,0.00014424679102376103,0.05134515091776848,0.0,0.2758671045303345,0.000774104380980134,0.27611351013183594,1
1.440778374671936,0.00014424679102376103,0.05134515091776848,0.0,0.2758671045303345,0.0018455333774909377,0.2759318947792053,1
1.440778374671936,0.00014424679102376103,0.05134515091776848,0.0,0.2758671045303345,0.003066789824515581,0.27599847316741943,1
1.440778374671936,0.00014424679102376103,0.05134515091776848,0.0,0.2758671045303345,0.0029226341284811497,0.2757866084575653,1
1.440778374671936,0.00014424679102376103,0.05134515091776848,0.0,0.2758671045303345,0.0014435406774282455,0.27567845582962036,1
1.440778374671936,0.00014424679102376103,0.05134515091776848,0.0,0.2758671045303345,0.0011321359779685736,0.27576833963394165,1
1.440778374671936,0.00014424679102376103,0.05134515091776848,0.0,0.2758671045303345,0.0018143075285479426,0.27580779790878296,1
1.440778374671936,0.00014424679102376103,0.05134515091776848,0.0,0.2758671045303345,0.0024405615404248238,0.2758428454399109,1
1.440778374671936,0.00014424679102376103,0.05134515091776848,0.0,0.2758671045303345,0.001497342949733138,0.27575668692588806,1
1.440778374671936,0.00014424679102376103,0.05134515091776848,0.0,0.2758671045303345,0.001497342949733138,0.2756332755088806,1
1.440778374671936,0.00014424679102376103,0.05134515091776848,0.0,0.2758671045303345,0.0013534516328945756,0.27565956115722656,1
1.440778374671936,0.00014424679102376103,0.05134515091776848,0.0,0.2758671045303345,0.0022527987603098154,0.2755486071109772,1
1.440778374671936,0.00014424679102376103,0.05134515091776848,0.0,0.2758671045303345,0.0017802563961595297,0.27543577551841736,1
1.440778374671936,0.00014424679102376103,0.05134515091776848,0.0,0.2758671045303345,0.0015376785304397345,0.27550724148750305,1
1.440778374671936,0.00014424679102376103,0.05134515091776848,0.0,0.2758671045303345,0.0015376785304397345,0.27550724148750305,1
1.440778374671936,0.00014424679102376103,0.05134515091776848,0.0,0.2758671045303345,0.0015376785304397345,0.27550724148750305,1
1.440778374671936,0.00014424679102376103,0.05134515091776848,0.0,0.2758671045303345,0.0006181415519677103,0.27525463700294495,1
1.440778374671936,0.00014424679102376103,0.05134515091776848,0.0,0.2758671045303345,0.001491834525950253,0.2750919759273529,1
1.440778374671936,0.00014424679102376103,0.05134515091776848,0.0,0.2758671045303345,0.0005559350829571486,0.27521196007728577,1
1.440778374671936,0.00014424679102376103,0.05134515091776848,0.0,0.2758671045303345,0.0005559350829571486,0.27521196007728577,1
1.440778374671936,0.00014424679102376103,0.05134515091776848,0.0,0.2758671045303345,0.0013182598631829023,0.2751404345035553,1
1.440778374671936,0.00014424679102376103,0.05134515091776848,0.0,0.2758671045303345,0.002317426260560751,0.2750224471092224,1
1.440778374671936,0.00014424679102376103,0.05134515091776848,0.0,0.2758671045303345,0.0012846807949244976,0.27497178316116333,1
1.440778374671936,0.00014424679102376103,0.05134515091776848,0.0,0.2758671045303345,0.0017307109665125608,0.2749580442905426,1
1.440778374671936,0.00014424679102376103,0.05134515091776848,0.0,0.2758671045303345,0.0017307109665125608,0.2749580442905426,1
1.440778374671936,0.00014424679102376103,0.05134515091776848,0.0,0.2758671045303345,0.0005389776779338717,0.27496573328971863,1
1.440778374671936,0.00014424679102376103,0.05134515091776848,0.0,0.2758671045303345,0.0016480592312291265,0.2751132845878601,1
1.440778374671936,0.00014424679102376103,0.05134515091776848,0.0,0.2758671045303345,0.0018390207551419735,0.2751132845878601,1
1.440778374671936,0.00014424679102376103,0.05134515091776848,0.0,0.2758671045303345,0.0016935826279222965,0.2752854824066162,1
1.440778374671936,0.00014424679102376103,0.05134515091776848,0.0,0.2758671045303345,0.002250209217891097,0.27528080344200134,1
1.440778374671936,0.00014424679102376103,0.05134515091776848,0.0,0.2758671045303345,0.0009518214501440525,0.27563929557800293,1
1.440778374671936,0.00014424679102376103,0.05134515091776848,0.0,0.2758671045303345,0.0007858489989303052,0.27565261721611023,1
1.440778374671936,0.00014424679102376103,0.05134515091776848,0.0,0.2758671045303345,0.0017228437354788184,0.27564141154289246,1
1.440778374671936,0.00014424679102376103,0.05134515091776848,0.0,0.2758671045303345,0.0030753742903470993,0.27568042278289795,1
1.440778374671936,0.00014424679102376103,0.05134515091776848,0.0,0.2758671045303345,0.0022354223765432835,0.2757100760936737,1
1.440778374671936,0.00014424679102376103,0.05134515091776848,0.0,0.2758671045303345,0.001958825159817934,0.2755771577358246,1
1.440778374671936,0.00014424679102376103,0.05134515091776848,0.0,0.2758671045303345,0.001958825159817934,0.2755771577358246,1
1.440778374671936,0.00014424679102376103,0.05134515091776848,0.0,0.2758671045303345,0.0018534275004640222,0.27571287751197815,1
1.440778374671936,0.00014424679102376103,0.05134515091776848,0.0,0.2758671045303345,0.0010790880769491196,0.2758123576641083,1
1.440778374671936,0.00014424679102376103,0.05134515091776848,0.0,0.2758671045303345,0.0013101128861308098,0.2758725583553314,1
1.440778374671936,0.00014424679102376103,0.05134515091776848,0.0,0.2758671045303345,0.0013195640640333295,0.2760142982006073,1
1.440778374671936,0.00014424679102376103,0.05134515091776848,0.0,0.2758671045303345,0.0013195640640333295,0.2760142982006073,1
1.440778374671936,0.00014424679102376103,0.05134515091776848,0.0,0.2758671045303345,0.0009276375640183687,0.27608054876327515,1
1.440778374671936,0.00014424679102376103,0.05134515091776848,0.0,0.2758671045303345,0.0015835263766348362,0.27615517377853394,1
1.440778374671936,0.00014424679102376103,0.05134515091776848,0.0,0.2758671045303345,0.0018461820436641574,0.2761057913303375,1
1.440778374671936,0.00014424679102376103,0.05134515091776848,0.0,0.2758671045303345,0.0018461820436641574,0.2761057913303375,1
1.440778374671936,0.00014424679102376103,0.05134515091776848,0.0,0.2758671045303345,0.0006258492940105498,0.2761130928993225,1
1.440778374671936,0.00014424679102376103,0.05134515091776848,0.0,0.2758671045303345,0.001579258474521339,0.2759670317173004,1
1.440778374671936,0.00014424679102376103,0.05134515091776848,0.0,0.2758671045303345,0.0018487796187400818,0.276052325963974,1
1.440778374671936,0.00014424679102376103,0.05134515091776848,0.0,0.2758671045303345,0.0013336060801520944,0.27583587169647217,1
1.440778374671936,0.00014424679102376103,0.05134515091776848,0.0,0.2758671045303345,0.0013336060801520944,0.27583587169647217,1
1.440778374671936,0.00014424679102376103,0.05134515091776848,0.0,0.2758671045303345,0.00216580368578434,0.27568966150283813,1
1.440778374671936,0.00014424679102376103,0.05134515091776848,0.0,0.2758671045303345,0.0010350593365728855,0.2757438123226166,1
1.440778374671936,0.00014424679102376103,0.05134515091776848,0.0,0.2758671045303345,0.0010350593365728855,0.2757438123226166,1
1.440778374671936,0.00014424679102376103,0.05134515091776848,0.0,0.2758671045303345,0.002483321586623788,0.27567389607429504,1
1.440778374671936,0.00014424679102376103,0.05134515091776848,0.0,0.2758671045303345,0.0008235520217567682,0.27569055557250977,1
1.440778374671936,0.00014424679102376103,0.05134515091776848,0.0,0.2758671045303345,0.0010205324506387115,0.2758190333843231,1
1.440778374671936,0.00014424679102376103,0.05134515091776848,0.0,0.2758671045303345,0.0014080748660489917,0.2758040428161621,1
1.440778374671936,0.00014424679102376103,0.05134515091776848,0.0,0.2758671045303345,0.0014942536363378167,0.27584436535835266,1
1.440778374671936,0.00014424679102376103,0.05134515091776848,0.0,0.2758671045303345,0.0019225446740165353,0.27584782242774963,1
1.440778374671936,0.00014424679102376103,0.05134515091776848,0.0,0.2758671045303345,0.002812227001413703,0.2760028839111328,1
1.440778374671936,0.00014424679102376103,0.05134515091776848,0.0,0.2758671045303345,0.001364914351142943,0.2760128080844879,1
1.440778374671936,0.00014424679102376103,0.05134515091776848,0.0,0.2758671045303345,0.0020924750715494156,0.27588504552841187,1
1.440778374671936,0.00014424679102376103,0.05134515091776848,0.0,0.2758671045303345,0.0020924750715494156,0.27588504552841187,1
1.440778374671936,0.00014424679102376103,0.05134515091776848,0.0,0.2758671045303345,0.0008953918004408479,0.2758667767047882,1
1.440778374671936,0.00014424679102376103,0.05134515091776848,0.0,0.2758671045303345,0.0019703146535903215,0.2760131359100342,1
1.440778374671936,0.00014424679102376103,0.05134515091776848,0.0,0.2758671045303345,0.0018433938967064023,0.27616098523139954,1
1.440778374671936,0.00014424679102376103,0.05134515091776848,0.0,0.2758671045303345,0.001976843923330307,0.2761341631412506,1
1.440778374671936,0.00014424679102376103,0.05134515091776848,0.0,0.2758671045303345,0.001281583565287292,0.2759115695953369,1
1.440778374671936,0.00014424679102376103,0.05134515091776848,0.0,0.2758671045303345,0.0018379087559878826,0.27597859501838684,1
1.440778374671936,0.00014424679102376103,0.05134515091776848,0.0,0.2758671045303345,0.0010740021243691444,0.2760884463787079,1
1.440778374671936,0.00014424679102376103,0.05134515091776848,0.0,0.2758671045303345,0.0010740021243691444,0.2760884463787079,1
1.440778374671936,0.00014424679102376103,0.05134515091776848,0.0,0.2758671045303345,0.0003729852323886007,0.2760750651359558,1
1.440778374671936,0.00014424679102376103,0.05134515091776848,0.0,0.2758671045303345,0.0008142570732161403,0.276131272315979,1
1.440778374671936,0.00014424679102376103,0.05134515091776848,0.0,0.2758671045303345,0.0010199915850535035,0.2760254740715027,1
1.440778374671936,0.00014424679102376103,0.05134515091776848,0.0,0.2758671045303345,0.002769819926470518,0.2760266959667206,1
1.440778374671936,0.00014424679102376103,0.05134515091776848,0.0,0.2758671045303345,0.002769819926470518,0.2760266959667206,1
1.440778374671936,0.00014424679102376103,0.05134515091776848,0.0,0.2758671045303345,0.0012394996592774987,0.2757991850376129,1
1.440778374671936,0.00014424679102376103,0.05134515091776848,0.0,0.2758671045303345,0.0015520891174674034,0.2756703794002533,1
1.440778374671936,0.00014424679102376103,0.05134515091776848,0.0,0.2758671045303345,0.0012202021898701787,0.2757143974304199,1
1.440778374671936,0.00014424679102376103,0.05134515091776848,0.0,0.2758671045303345,0.0021038709674030542,0.2756139934062958,1
1.440778374671936,0.00014424679102376103,0.05134515091776848,0.0,0.2758671045303345,0.0011821299558505416,0.2757216989994049,1
1.440778374671936,0.00014424679102376103,0.05134515091776848,0.0,0.2758671045303345,0.002577346982434392,0.2755718231201172,1
1.440778374671936,0.00014424679102376103,0.05134515091776848,0.0,0.2758671045303345,0.0007539546932093799,0.2759527266025543,1
1.440778374671936,0.00014424679102376103,0.05134515091776848,0.0,0.2758671045303345,0.0007539546932093799,0.2759527266025543,1
1.440778374671936,0.00014424679102376103,0.05134515091776848,0.0,0.2758671045303345,0.0007539546932093799,0.2759527266025543,1
1.440778374671936,0.00014424679102376103,0.05134515091776848,0.0,0.2758671045303345,0.001245906692929566,0.2761003375053406,1
1.440778374671936,0.00014424679102376103,0.05134515091776848,0.0,0.2758671045303345,0.002994013950228691,0.2762034833431244,1
1.440778374671936,0.00014424679102376103,0.05134515091776848,0.0,0.2758671045303345,0.0010524765821173787,0.27619799971580505,1
1.440778374671936,0.00014424679102376103,0.05134515091776848,0.0,0.2758671045303345,0.0023154052905738354,0.27629294991493225,1
1.440778374671936,0.00014424679102376103,0.05134515091776848,0.0,0.2758671045303345,0.0017870913725346327,0.27614250779151917,1
1.440778374671936,0.00014424679102376103,0.05134515091776848,0.0,0.2758671045303345,0.0009469121578149498,0.2761610448360443,1
1.440778374671936,0.00014424679102376103,0.05134515091776848,0.0,0.2758671045303345,0.002816489664837718,0.27623388171195984,1
1.440778374671936,0.00014424679102376103,0.05134515091776848,0.0,0.2758671045303345,0.002816489664837718,0.27617916464805603,1
1.440778374671936,0.00014424679102376103,0.05134515091776848,0.0,0.2758671045303345,0.0003861368459183723,0.27629193663597107,1
1.440778374671936,0.00014424679102376103,0.05134515091776848,0.0,0.2758671045303345,0.0016322872834280133,0.27634042501449585,1
1.440778374671936,0.00014424679102376103,0.05134515091776848,0.0,0.2758671045303345,0.0019492264837026596,0.2762364149093628,1
1.440778374671936,0.00014424679102376103,0.05134515091776848,0.0,0.2758671045303345,0.0009229748975485563,0.2759837806224823,1
1.440778374671936,0.00014424679102376103,0.05134515091776848,0.0,0.2758671045303345,0.0019720783457159996,0.276116281747818,1
1.440778374671936,0.00014424679102376103,0.05134515091776848,0.0,0.2758671045303345,0.0014599583810195327,0.27608224749565125,1
1.440778374671936,0.00014424679102376103,0.05134515091776848,0.0,0.2758671045303345,0.002529983874410391,0.27600517868995667,1
1.440778374671936,0.00014424679102376103,0.05134515091776848,0.0,0.2758671045303345,0.0015196454478427768,0.27578043937683105,1
1.440778374671936,0.00014424679102376103,0.05134515091776848,0.0,0.2758671045303345,0.0015196454478427768,0.27578043937683105,1
1.440778374671936,0.00014424679102376103,0.05134515091776848,0.0,0.2758671045303345,0.0020575239323079586,0.2759028971195221,1
1.440778374671936,0.00014424679102376103,0.05134515091776848,0.0,0.2758671045303345,0.0015094878617674112,0.27592965960502625,1
1.440778374671936,0.00014424679102376103,0.05134515091776848,0.0,0.2758671045303345,0.0015094878617674112,0.27592965960502625,1
1.440778374671936,0.00014424679102376103,0.05134515091776848,0.0,0.2758671045303345,0.0013943666126579046,0.2759416103363037,1
1.440778374671936,0.00014424679102376103,0.05134515091776848,0.0,0.2758671045303345,0.0008617501589469612,0.27581772208213806,1
1.440778374671936,0.00014424679102376103,0.05134515091776848,0.0,0.2758671045303345,0.0028050518594682217,0.27571097016334534,1
1.440778374671936,0.00014424679102376103,0.05134515091776848,0.0,0.2758671045303345,0.0022496108431369066,0.27575743198394775,1
1.440778374671936,0.00014424679102376103,0.05134515091776848,0.0,0.2758671045303345,0.0012617578031495214,0.2758359909057617,1
1.440778374671936,0.00014424679102376103,0.05134515091776848,0.0,0.2758671045303345,0.0012617578031495214,0.2758359909057617,1
1.440778374671936,0.00014424679102376103,0.05134515091776848,0.0,0.2758671045303345,0.0016598374349996448,0.2758711874485016,1
1.440778374671936,0.00014424679102376103,0.05134515091776848,0.0,0.2758671045303345,0.00284673017449677,0.2759617865085602,1
1.440778374671936,0.00014424679102376103,0.05134515091776848,0.0,0.2758671045303345,0.0013265882153064013,0.2758595645427704,1
1.440778374671936,0.00014424679102376103,0.05134515091776848,0.0,0.2758671045303345,0.0013265882153064013,0.2758595645427704,1
1.440778374671936,0.00014424679102376103,0.05134515091776848,0.0,0.2758671045303345,0.0022369653452187777,0.2759554386138916,1
1.440778374671936,0.00014424679102376103,0.05134515091776848,0.0,0.2758671045303345,0.0017602824373170733,0.27597516775131226,1
1.440778374671936,0.00014424679102376103,0.05134515091776848,0.0,0.2758671045303345,0.0022829032968729734,0.2757085859775543,1
1.440778374671936,0.00014424679102376103,0.05134515091776848,0.0,0.2758671045303345,0.002039623213931918,0.2759714126586914,1
1.440778374671936,0.00014424679102376103,0.05134515091776848,0.0,0.2758671045303345,0.0016761632869020104,0.275875061750412,1
1.440778374671936,0.00014424679102376103,0.05134515091776848,0.0,0.2758671045303345,0.0017944659339264035,0.27589115500450134,1
1.440778374671936,0.00014424679102376103,0.05134515091776848,0.0,0.2758671045303345,0.0015665552346035838,0.2757772207260132,1
1.440778374671936,0.00014424679102376103,0.05134515091776848,0.0,0.2758671045303345,0.003290455089882016,0.27585065364837646,1
1.440778374671936,0.00014424679102376103,0.05134515091776848,0.0,0.2758671045303345,0.002805601106956601,0.2758601903915405,1
1.440778374671936,0.00014424679102376103,0.05134515091776848,0.0,0.2758671045303345,0.0007425702642649412,0.2759265899658203,1
1.440778374671936,0.00014424679102376103,0.05134515091776848,0.0,0.2758671045303345,0.0019500369671732187,0.2761566638946533,1
1.440778374671936,0.00014424679102376103,0.05134515091776848,0.0,0.2758671045303345,0.0026117260567843914,0.27600306272506714,1
1.440778374671936,0.00014424679102376103,0.05134515091776848,0.0,0.2758671045303345,0.0013912931317463517,0.27591273188591003,1
1.440778374671936,0.00014424679102376103,0.05134515091776848,0.0,0.2758671045303345,0.001138608087785542,0.2760239541530609,1
1.440778374671936,0.00014424679102376103,0.05134515091776848,0.0,0.2758671045303345,0.000736261485144496,0.27594417333602905,1
1.440778374671936,0.00014424679102376103,0.05134515091776848,0.0,0.2758671045303345,0.0016248503234237432,0.2760009169578552,1
1.440778374671936,0.00014424679102376103,0.05134515091776848,0.0,0.2758671045303345,0.000978356460109353,0.27621689438819885,1
1.440778374671936,0.00014424679102376103,0.05134515091776848,0.0,0.2758671045303345,0.00154055655002594,0.2761884927749634,1
1.440778374671936,0.00014424679102376103,0.05134515091776848,0.0,0.2758671045303345,0.0010635629296302795,0.2761453092098236,1
1.440778374671936,0.00014424679102376103,0.05134515091776848,0.0,0.2758671045303345,0.00107260188087821,0.2761992812156677,1
1.440778374671936,0.00014424679102376103,0.05134515091776848,0.0,0.2758671045303345,0.0014461204409599304,0.2760581970214844,1
1.440778374671936,0.00014424679102376103,0.05134515091776848,0.0,0.2758671045303345,0.0016756362747401,0.2760187089443207,1
1.440778374671936,0.00014424679102376103,0.05134515091776848,0.0,0.2758671045303345,0.0016575000481680036,0.2760232985019684,1
1.440778374671936,0.00014424679102376103,0.05134515091776848,0.0,0.2758671045303345,0.0003852273221127689,0.276045024394989,1
1.440778374671936,0.00014424679102376103,0.05134515091776848,0.0,0.2758671045303345,0.0013199648819863796,0.27595001459121704,1
1.440778374671936,0.00014424679102376103,0.05134515091776848,0.0,0.2758671045303345,0.0013199648819863796,0.27595001459121704,1
1.440778374671936,0.00014424679102376103,0.05134515091776848,0.0,0.2758671045303345,0.0012178218457847834,0.27582404017448425,1
1.440778374671936,0.00014424679102376103,0.05134515091776848,0.0,0.2758671045303345,0.0014110354240983725,0.2759324014186859,1
1.440778374671936,0.00014424679102376103,0.05134515091776848,0.0,0.2758671045303345,0.0014422321692109108,0.2759058475494385,1
1.440778374671936,0.00014424679102376103,0.05134515091776848,0.0,0.2758671045303345,0.0012979258317500353,0.2758917212486267,1
1.440778374671936,0.00014424679102376103,0.05134515091776848,0.0,0.2758671045303345,0.0012979258317500353,0.2758917212486267,1
1.440778374671936,0.00014424679102376103,0.05134515091776848,0.0,0.2758671045303345,0.002053886651992798,0.2758826017379761,1
1.440778374671936,0.00014424679102376103,0.05134515091776848,0.0,0.2758671045303345,0.0007401828188449144,0.2757355868816376,1
1.440778374671936,0.00014424679102376103,0.05134515091776848,0.0,0.2758671045303345,0.00013384070189204067,0.27588701248168945,1
1.440778374671936,0.00014424679102376103,0.05134515091776848,0.0,0.2758671045303345,0.0013920172350481153,0.27590212225914,1
1.440778374671936,0.00014424679102376103,0.05134515091776848,0.0,0.2758671045303345,0.0006080541643314064,0.2758852541446686,1
1.440778374671936,0.00014424679102376103,0.05134515091776848,0.0,0.2758671045303345,0.0013897648314014077,0.27586495876312256,1
1.440778374671936,0.00014424679102376103,0.05134515091776848,0.0,0.2758671045303345,0.0013897648314014077,0.27586495876312256,1
1.440778374671936,0.00014424679102376103,0.05134515091776848,0.0,0.2758671045303345,0.0011946539161726832,0.2758605480194092,1
1.440778374671936,0.00014424679102376103,0.05134515091776848,0.0,0.2758671045303345,0.0009906154591590166,0.2759544253349304,1
1.440778374671936,0.00014424679102376103,0.05134515091776848,0.0,0.2758671045303345,0.0009906154591590166,0.2759544253349304,1
1.440778374671936,0.00014424679102376103,0.05134515091776848,0.0,0.2758671045303345,0.001033391454257071,0.2761417031288147,1
1.440778374671936,0.00014424679102376103,0.05134515091776848,0.0,0.2758671045303345,0.0013705705059692264,0.2759709060192108,1
1.440778374671936,0.00014424679102376103,0.05134515091776848,0.0,0.2758671045303345,0.0013705705059692264,0.2759709060192108,1
1.440778374671936,0.00014424679102376103,0.05134515091776848,0.0,0.2758671045303345,0.0018652805592864752,0.2758934497833252,1
1.440778374671936,0.00014424679102376103,0.05134515091776848,0.0,0.2758671045303345,0.0015400481643155217,0.27580371499061584,1
1.440778374671936,0.00014424679102376103,0.05134515091776848,0.0,0.2758671045303345,0.0013093410525470972,0.2757616639137268,1
1.440778374671936,0.00014424679102376103,0.05134515091776848,0.0,0.2758671045303345,0.0017287090886384249,0.2757638394832611,1
1.440778374671936,0.00014424679102376103,0.05134515091776848,0.0,0.2758671045303345,0.0017287090886384249,0.2757638394832611,1
1.440778374671936,0.00014424679102376103,0.05134515091776848,0.0,0.2758671045303345,0.0021964770276099443,0.27556338906288147,1
1.440778374671936,0.00014424679102376103,0.05134515091776848,0.0,0.2758671045303345,0.0006031554075889289,0.27568110823631287,1
1.440778374671936,0.00014424679102376103,0.05134515091776848,0.0,0.2758671045303345,0.0012510681990534067,0.27567610144615173,1
1.440778374671936,0.00014424679102376103,0.05134515091776848,0.0,0.2758671045303345,0.0012510681990534067,0.27567610144615173,1
1.440778374671936,0.00014424679102376103,0.05134515091776848,0.0,0.2758671045303345,0.0013913072180002928,0.2759246826171875,1
1.440778374671936,0.00014424679102376103,0.05134515091776848,0.0,0.2758671045303345,0.002510705729946494,0.2758852243423462,1
1.440778374671936,0.00014424679102376103,0.05134515091776848,0.0,0.2758671045303345,0.0024532792158424854,0.2758852243423462,1
1.440778374671936,0.00014424679102376103,0.05134515091776848,0.0,0.2758671045303345,0.0018378786044195294,0.2758370041847229,1
1.440778374671936,0.00014424679102376103,0.05134515091776848,0.0,0.2758671045303345,0.0018378786044195294,0.2758370041847229,1
1.440778374671936,0.00014424679102376103,0.05134515091776848,0.0,0.2758671045303345,0.0012296868953853846,0.27576133608818054,1
1.440778374671936,0.00014424679102376103,0.05134515091776848,0.0,0.2758671045303345,0.002431086730211973,0.27590423822402954,1
1.440778374671936,0.00014424679102376103,0.05134515091776848,0.0,0.2758671045303345,0.0007799675222486258,0.2759791314601898,1
1.440778374671936,0.00014424679102376103,0.05134515091776848,0.0,0.2758671045303345,0.0023118886165320873,0.2760995328426361,1
1.440778374671936,0.00014424679102376103,0.05134515091776848,0.0,0.2758671045303345,0.0016501453937962651,0.27602484822273254,1
1.440778374671936,0.00014424679102376103,0.05134515091776848,0.0,0.2758671045303345,0.0009592665592208505,0.27599090337753296,1
1.440778374671936,0.00014424679102376103,0.05134515091776848,0.0,0.2758671045303345,0.0009592665592208505,0.27599090337753296,1
1.440778374671936,0.00014424679102376103,0.05134515091776848,0.0,0.2758671045303345,0.0009513174300082028,0.27604812383651733,1
1.440778374671936,0.00014424679102376103,0.05134515091776848,0.0,0.2758671045303345,0.0038095377385616302,0.2761615216732025,1
1.440778374671936,0.00014424679102376103,0.05134515091776848,0.0,0.2758671045303345,0.0015608351677656174,0.2762500047683716,1
1.440778374671936,0.00014424679102376103,0.05134515091776848,0.0,0.2758671045303345,0.0011884222039952874,0.2761905789375305,1
1.440778374671936,0.00014424679102376103,0.05134515091776848,0.0,0.2758671045303345,0.0011884222039952874,0.2761905789375305,1
1.440778374671936,0.00014424679102376103,0.05134515091776848,0.0,0.2758671045303345,0.003015755210071802,0.27597397565841675,1
1.440778374671936,0.00014424679102376103,0.05134515091776848,0.0,0.2758671045303345,0.001311302068643272,0.2760296165943146,1
1.440778374671936,0.00014424679102376103,0.05134515091776848,0.0,0.2758671045303345,0.0015884380554780364,0.27593767642974854,1
1.440778374671936,0.00014424679102376103,0.05134515091776848,0.0,0.2758671045303345,0.0017442393582314253,0.27598127722740173,1
1.440778374671936,0.00014424679102376103,0.05134515091776848,0.0,0.2758671045303345,0.0017442393582314253,0.27598127722740173,1
1.440778374671936,0.00014424679102376103,0.05134515091776848,0.0,0.2758671045303345,0.0007797618745826185,0.2760232985019684,1
1.440778374671936,0.00014424679102376103,0.05134515091776848,0.0,0.2758671045303345,0.0015429562190547585,0.2758580148220062,1
1.440778374671936,0.00014424679102376103,0.05134515091776848,0.0,0.2758671045303345,0.0027448986656963825,0.27585455775260925,1
1.440778374671936,0.00014424679102376103,0.05134515091776848,0.0,0.2758671045303345,0.0027448986656963825,0.27585455775260925,1
1.440778374671936,0.00014424679102376103,0.05134515091776848,0.0,0.2758671045303345,0.002291664481163025,0.27603578567504883,1
1.440778374671936,0.00014424679102376103,0.05134515091776848,0.0,0.2758671045303345,0.002267951611429453,0.27603811025619507,1
1.440778374671936,0.00014424679102376103,0.05134515091776848,0.0,0.2758671045303345,0.002138375071808696,0.27593347430229187,1
1.440778374671936,0.00014424679102376103,0.05134515091776848,0.0,0.2758671045303345,0.002138375071808696,0.27593347430229187,1
1.440778374671936,0.00014424679102376103,0.05134515091776848,0.0,0.2758671045303345,0.0009238399215973914,0.2758193910121918,1
1.440778374671936,0.00014424679102376103,0.05134515091776848,0.0,0.2758671045303345,0.001826485968194902,0.2757810950279236,1
1.440778374671936,0.00014424679102376103,0.05134515091776848,0.0,0.2758671045303345,0.0014530753251165152,0.2757789194583893,1
1.440778374671936,0.00014424679102376103,0.05134515091776848,0.0,0.2758671045303345,0.0010889519471675158,0.2758500874042511,1
1.440778374671936,0.00014424679102376103,0.05134515091776848,0.0,0.2758671045303345,0.0010889519471675158,0.2758500874042511,1
1.440778374671936,0.00014424679102376103,0.05134515091776848,0.0,0.2758671045303345,0.0010889519471675158,0.2758500874042511,1
1.440778374671936,0.00014424679102376103,0.05134515091776848,0.0,0.2758671045303345,0.0010889519471675158,0.2758500874042511,1
1.506666660308838,0.0014222237514331937,0.1911439448595047,0.0,0.7266426086425781,0.0010885474039241672,0.7265716791152954,2
1.506666660308838,0.0014222237514331937,0.1911439448595047,0.0,0.7266426086425781,0.0025001761969178915,0.7267325520515442,2
1.506666660308838,0.0014222237514331937,0.1911439448595047,0.0,0.7266426086425781,0.0015080212615430355,0.7269392013549805,2
1.506666660308838,0.0014222237514331937,0.1911439448595047,0.0,0.7266426086425781,0.0015172443818300962,0.7268368005752563,2
1.506666660308838,0.0014222237514331937,0.1911439448595047,0.0,0.7266426086425781,0.0015172443818300962,0.7268463969230652,2
1.506666660308838,0.0014222237514331937,0.1911439448595047,0.0,0.7266426086425781,0.0022547647822648287,0.7269441485404968,2
1.506666660308838,0.0014222237514331937,0.1911439448595047,0.0,0.7266426086425781,0.002083144150674343,0.7269960641860962,2
1.506666660308838,0.0014222237514331937,0.1911439448595047,0.0,0.7266426086425781,0.00044067486305721104,0.7269785404205322,2
1.506666660308838,0.0014222237514331937,0.1911439448595047,0.0,0.7266426086425781,0.0019189586164429784,0.7269328832626343,2
1.506666660308838,0.0014222237514331937,0.1911439448595047,0.0,0.7266426086425781,0.0019189586164429784,0.7269328832626343,2
1.506666660308838,0.0014222237514331937,0.1911439448595047,0.0,0.7266426086425781,0.001466773566789925,0.7269126176834106,2
1.506666660308838,0.0014222237514331937,0.1911439448595047,0.0,0.7266426086425781,0.0015953906113281846,0.7269637584686279,2
1.506666660308838,0.0014222237514331937,0.1911439448595047,0.0,0.7266426086425781,0.0008471847977489233,0.7270596623420715,2
1.506666660308838,0.0014222237514331937,0.1911439448595047,0.0,0.7266426086425781,0.0013648137683048844,0.7269574999809265,2
1.506666660308838,0.0014222237514331937,0.1911439448595047,0.0,0.7266426086425781,0.0012080486631020904,0.7268697619438171,2
1.506666660308838,0.0014222237514331937,0.1911439448595047,0.0,0.7266426086425781,0.001240318058989942,0.7266590595245361,2
1.506666660308838,0.0014222237514331937,0.1911439448595047,0.0,0.7266426086425781,0.0022023648489266634,0.726706862449646,2
1.506666660308838,0.0014222237514331937,0.1911439448595047,0.0,0.7266426086425781,0.0019535203464329243,0.7265723943710327,2
1.506666660308838,0.0014222237514331937,0.1911439448595047,0.0,0.7266426086425781,0.0019535203464329243,0.7265723943710327,2
1.506666660308838,0.0014222237514331937,0.1911439448595047,0.0,0.7266426086425781,0.001805166364647448,0.7267258167266846,2
1.506666660308838,0.0014222237514331937,0.1911439448595047,0.0,0.7266426086425781,0.002478616777807474,0.7269838452339172,2
1.506666660308838,0.0014222237514331937,0.1911439448595047,0.0,0.7266426086425781,0.0016577570931985974,0.7270000576972961,2
1.506666660308838,0.0014222237514331937,0.1911439448595047,0.0,0.7266426086425781,0.0007302248850464821,0.7270249724388123,2
1.506666660308838,0.0014222237514331937,0.1911439448595047,0.0,0.7266426086425781,0.000506569747813046,0.7269774079322815,2
1.506666660308838,0.0014222237514331937,0.1911439448595047,0.0,0.7266426086425781,0.0007900225464254618,0.7268711924552917,2
1.506666660308838,0.0014222237514331937,0.1911439448595047,0.0,0.7266426086425781,0.001390428515151143,0.7268701195716858,2
1.506666660308838,0.0014222237514331937,0.1911439448595047,0.0,0.7266426086425781,0.0012081221211701632,0.7269235849380493,2
1.506666660308838,0.0014222237514331937,0.1911439448595047,0.0,0.7266426086425781,0.0026888379361480474,0.7268099188804626,2
1.506666660308838,0.0014222237514331937,0.1911439448595047,0.0,0.7266426086425781,0.002964957617223263,0.7268096804618835,2
1.506666660308838,0.0014222237514331937,0.1911439448595047,0.0,0.7266426086425781,0.0018387265736237168,0.7269562482833862,2
1.506666660308838,0.0014222237514331937,0.1911439448595047,0.0,0.7266426086425781,0.0018387265736237168,0.7269562482833862,2
1.506666660308838,0.0014222237514331937,0.1911439448595047,0.0,0.7266426086425781,0.002111059380695224,0.7269214391708374,2
1.506666660308838,0.0014222237514331937,0.1911439448595047,0.0,0.7266426086425781,0.0017258806619793177,0.7269960641860962,2
1.506666660308838,0.0014222237514331937,0.1911439448595047,0.0,0.7266426086425781,0.0006279829540289938,0.7268602252006531,2
1.506666660308838,0.0014222237514331937,0.1911439448595047,0.0,0.7266426086425781,0.002547546988353133,0.7268950939178467,2
1.506666660308838,0.0014222237514331937,0.1911439448595047,0.0,0.7266426086425781,0.0004739997966680676,0.7269967794418335,2
1.506666660308838,0.0014222237514331937,0.1911439448595047,0.0,0.7266426086425781,0.001674898318015039,0.7269584536552429,2
1.506666660308838,0.0014222237514331937,0.1911439448595047,0.0,0.7266426086425781,0.0015946658095344901,0.7269344925880432,2
1.506666660308838,0.0014222237514331937,0.1911439448595047,0.0,0.7266426086425781,0.0019798248540610075,0.7268808484077454,2
1.506666660308838,0.0014222237514331937,0.1911439448595047,0.0,0.7266426086425781,0.0017859104555100203,0.7266392707824707,2
1.506666660308838,0.0014222237514331937,0.1911439448595047,0.0,0.7266426086425781,0.002021102700382471,0.7267484068870544,2
1.506666660308838,0.0014222237514331937,0.1911439448595047,0.0,0.7266426086425781,0.0021973594557493925,0.7266840934753418,2
1.506666660308838,0.0014222237514331937,0.1911439448595047,0.0,0.7266426086425781,0.0018127692164853215,0.7266350388526917,2
1.506666660308838,0.0014222237514331937,0.1911439448595047,0.0,0.7266426086425781,0.0021386011503636837,0.7265713810920715,2
1.506666660308838,0.0014222237514331937,0.1911439448595047,0.0,0.7266426086425781,0.0009604734950698912,0.7268282771110535,2
1.506666660308838,0.0014222237514331937,0.1911439448595047,0.0,0.7266426086425781,0.0009604734950698912,0.7268282771110535,2
1.506666660308838,0.0014222237514331937,0.1911439448595047,0.0,0.7266426086425781,0.0008501302218064666,0.7268205285072327,2
1.506666660308838,0.0014222237514331937,0.1911439448595047,0.0,0.7266426086425781,0.0012074264232069254,0.7266532182693481,2
1.506666660308838,0.0014222237514331937,0.1911439448595047,0.0,0.7266426086425781,0.001044809934683144,0.7265080809593201,2
1.506666660308838,0.0014222237514331937,0.1911439448595047,0.0,0.7266426086425781,0.001044809934683144,0.7265080809593201,2
1.506666660308838,0.0014222237514331937,0.1911439448595047,0.0,0.7266426086425781,0.0012750611640512943,0.7263337969779968,2
1.506666660308838,0.0014222237514331937,0.1911439448595047,0.0,0.7266426086425781,0.001555254333652556,0.7265045046806335,2
1.506666660308838,0.0014222237514331937,0.1911439448595047,0.0,0.7266426086425781,0.0007901320932433009,0.7265986204147339,2
1.506666660308838,0.0014222237514331937,0.1911439448595047,0.0,0.7266426086425781,0.0029570437036454678,0.7266650795936584,2
1.506666660308838,0.0014222237514331937,0.1911439448595047,0.0,0.7266426086425781,0.0011614817194640636,0.726646363735199,2
1.506666660308838,0.0014222237514331937,0.1911439448595047,0.0,0.7266426086425781,0.0026330400723963976,0.7265527844429016,2
1.506666660308838,0.0014222237514331937,0.1911439448595047,0.0,0.7266426086425781,0.0015558799495920539,0.7264086008071899,2
1.506666660308838,0.0014222237514331937,0.1911439448595047,0.0,0.7266426086425781,0.0021627002861350775,0.7262767553329468,2
1.506666660308838,0.0014222237514331937,0.1911439448595047,0.0,0.7266426086425781,0.0018519487930461764,0.7264460921287537,2
1.506666660308838,0.0014222237514331937,0.1911439448595047,0.0,0.7266426086425781,0.0018519487930461764,0.7264460921287537,2
1.506666660308838,0.0014222237514331937,0.1911439448595047,0.0,0.7266426086425781,0.0013924678787589073,0.7266102433204651,2
1.506666660308838,0.0014222237514331937,0.1911439448595047,0.0,0.7266426086425781,0.001199368853121996,0.7268515825271606,2
1.506666660308838,0.0014222237514331937,0.1911439448595047,0.0,0.7266426086425781,0.002420181641355157,0.7269617319107056,2
1.506666660308838,0.0014222237514331937,0.1911439448595047,0.0,0.7266426086425781,0.002420181641355157,0.7269617319107056,2
1.506666660308838,0.0014222237514331937,0.1911439448595047,0.0,0.7266426086425781,0.003139653243124485,0.7270576357841492,2
1.506666660308838,0.0014222237514331937,0.1911439448595047,0.0,0.7266426086425781,0.0010416428558528423,0.7270411849021912,2
1.506666660308838,0.0014222237514331937,0.1911439448595047,0.0,0.7266426086425781,0.0008148490451276302,0.726831316947937,2
1.506666660308838,0.0014222237514331937,0.1911439448595047,0.0,0.7266426086425781,0.0007662390125915408,0.7267049551010132,2
1.506666660308838,0.0014222237514331937,0.1911439448595047,0.0,0.7266426086425781,0.0015662125078961253,0.7267376184463501,2
1.506666660308838,0.0014222237514331937,0.1911439448595047,0.0,0.7266426086425781,0.001258218428120017,0.7267204523086548,2
1.506666660308838,0.0014222237514331937,0.1911439448595047,0.0,0.7266426086425781,0.0008477821247652173,0.7267204523086548,2
1.506666660308838,0.0014222237514331937,0.1911439448595047,0.0,0.7266426086425781,0.0015556116122752428,0.726645827293396,2
1.506666660308838,0.0014222237514331937,0.1911439448595047,0.0,0.7266426086425781,0.0017253243131563067,0.7266755700111389,2
1.506666660308838,0.0014222237514331937,0.1911439448595047,0.0,0.7266426086425781,0.0014379590284079313,0.7266974449157715,2
1.506666660308838,0.0014222237514331937,0.1911439448595047,0.0,0.7266426086425781,0.0011100369738414884,0.7265756726264954,2
1.506666660308838,0.0014222237514331937,0.1911439448595047,0.0,0.7266426086425781,0.0018292483873665333,0.7265663146972656,2
1.506666660308838,0.0014222237514331937,0.1911439448595047,0.0,0.7266426086425781,0.0011231519747525454,0.7266820669174194,2
1.506666660308838,0.0014222237514331937,0.1911439448595047,0.0,0.7266426086425781,0.0020009675063192844,0.726621687412262,2
1.506666660308838,0.0014222237514331937,0.1911439448595047,0.0,0.7266426086425781,0.0020047780126333237,0.7266131043434143,2
1.506666660308838,0.0014222237514331937,0.1911439448595047,0.0,0.7266426086425781,0.0020047780126333237,0.726604163646698,2
1.506666660308838,0.0014222237514331937,0.1911439448595047,0.0,0.7266426086425781,0.0012911212397739291,0.7267995476722717,2
1.506666660308838,0.0014222237514331937,0.1911439448595047,0.0,0.7266426086425781,0.0015945585910230875,0.7269630432128906,2
1.506666660308838,0.0014222237514331937,0.1911439448595047,0.0,0.7266426086425781,0.0023924806155264378,0.7268337607383728,2
1.506666660308838,0.0014222237514331937,0.1911439448595047,0.0,0.7266426086425781,0.0021522201132029295,0.7266401052474976,2
1.506666660308838,0.0014222237514331937,0.1911439448595047,0.0,0.7266426086425781,0.0019655858632177114,0.7270115613937378,2
1.506666660308838,0.0014222237514331937,0.1911439448595047,0.0,0.7266426086425781,0.0011685070348903537,0.7268718481063843,2
1.506666660308838,0.0014222237514331937,0.1911439448595047,0.0,0.7266426086425781,0.0017632428789511323,0.7267543077468872,2
1.506666660308838,0.0014222237514331937,0.1911439448595047,0.0,0.7266426086425781,0.0017860227962955832,0.7267129421234131,2
1.506666660308838,0.0014222237514331937,0.1911439448595047,0.0,0.7266426086425781,0.0016661802073940635,0.7266640067100525,2
1.506666660308838,0.0014222237514331937,0.1911439448595047,0.0,0.7266426086425781,0.0016661802073940635,0.7265289425849915,2
1.506666660308838,0.0014222237514331937,0.1911439448595047,0.0,0.7266426086425781,0.0006759349489584565,0.7266040444374084,2
1.506666660308838,0.0014222237514331937,0.1911439448595047,0.0,0.7266426086425781,0.001615882501937449,0.726588785648346,2
1.506666660308838,0.0014222237514331937,0.1911439448595047,0.0,0.7266426086425781,0.0015688699204474688,0.7266167998313904,2
1.506666660308838,0.0014222237514331937,0.1911439448595047,0.0,0.7266426086425781,0.001386967021971941,0.7262656092643738,2
1.506666660308838,0.0014222237514331937,0.1911439448595047,0.0,0.7266426086425781,0.001531896647065878,0.7261821031570435,2
1.506666660308838,0.0014222237514331937,0.1911439448595047,0.0,0.7266426086425781,0.0019617632497102022,0.7264901995658875,2
1.506666660308838,0.0014222237514331937,0.1911439448595047,0.0,0.7266426086425781,0.0010987069690600038,0.7265036106109619,2
1.506666660308838,0.0014222237514331937,0.1911439448595047,0.0,0.7266426086425781,0.0007009904948063195,0.7265740633010864,2
1.506666660308838,0.0014222237514331937,0.1911439448595047,0.0,0.7266426086425781,0.001735320664010942,0.7265956997871399,2
1.506666660308838,0.0014222237514331937,0.1911439448595047,0.0,0.7266426086425781,0.0011016394710168242,0.7267245054244995,2
1.506666660308838,0.0014222237514331937,0.1911439448595047,0.0,0.7266426086425781,0.0011016394710168242,0.7267245054244995,2
1.506666660308838,0.0014222237514331937,0.1911439448595047,0.0,0.7266426086425781,0.0011016394710168242,0.7267245054244995,2
1.506666660308838,0.0014222237514331937,0.1911439448595047,0.0,0.7266426086425781,0.0022554213646799326,0.7267818450927734,2
1.506666660308838,0.0014222237514331937,0.1911439448595047,0.0,0.7266426086425781,0.0017774216830730438,0.7266646027565002,2
1.506666660308838,0.0014222237514331937,0.1911439448595047,0.0,0.7266426086425781,0.0015098851872608066,0.7265585064888,2
1.506666660308838,0.0014222237514331937,0.1911439448595047,0.0,0.7266426086425781,0.002084748586639762,0.7267297506332397,2
1.506666660308838,0.0014222237514331937,0.1911439448595047,0.0,0.7266426086425781,0.002084748586639762,0.7267297506332397,2
1.506666660308838,0.0014222237514331937,0.1911439448595047,0.0,0.7266426086425781,0.002365109045058489,0.7267432808876038,2
1.506666660308838,0.0014222237514331937,0.1911439448595047,0.0,0.7266426086425781,0.0010511288419365883,0.7265721559524536,2
1.506666660308838,0.0014222237514331937,0.1911439448595047,0.0,0.7266426086425781,0.0010511288419365883,0.7265721559524536,2
1.506666660308838,0.0014222237514331937,0.1911439448595047,0.0,0.7266426086425781,0.001807980239391327,0.7266736030578613,2
1.506666660308838,0.0014222237514331937,0.1911439448595047,0.0,0.7266426086425781,0.0022079898044466972,0.7265527248382568,2
1.506666660308838,0.0014222237514331937,0.1911439448595047,0.0,0.7266426086425781,0.0005845828563906252,0.7263999581336975,2
1.506666660308838,0.0014222237514331937,0.1911439448595047,0.0,0.7266426086425781,0.0008007361320778728,0.726410448551178,2
1.506666660308838,0.0014222237514331937,0.1911439448595047,0.0,0.7266426086425781,0.0008007361320778728,0.726410448551178,2
1.506666660308838,0.0014222237514331937,0.1911439448595047,0.0,0.7266426086425781,0.0015077264979481697,0.7267988324165344,2
1.506666660308838,0.0014222237514331937,0.1911439448595047,0.0,0.7266426086425781,0.0008538796682842076,0.7270238399505615,2
1.506666660308838,0.0014222237514331937,0.1911439448595047,0.0,0.7266426086425781,0.0008538796682842076,0.7270238399505615,2
1.506666660308838,0.0014222237514331937,0.1911439448595047,0.0,0.7266426086425781,0.0015502460300922394,0.7268920540809631,2
1.506666660308838,0.0014222237514331937,0.1911439448595047,0.0,0.7266426086425781,0.0015455411048606038,0.7266836762428284,2
1.506666660308838,0.0014222237514331937,0.1911439448595047,0.0,0.7266426086425781,0.002362517872825265,0.7268173098564148,2
1.506666660308838,0.0014222237514331937,0.1911439448595047,0.0,0.7266426086425781,0.002771814353764057,0.7268006205558777,2
1.506666660308838,0.0014222237514331937,0.1911439448595047,0.0,0.7266426086425781,0.0007729980861768126,0.726800799369812,2
1.506666660308838,0.0014222237514331937,0.1911439448595047,0.0,0.7266426086425781,0.001653084415011108,0.7266943454742432,2
1.506666660308838,0.0014222237514331937,0.1911439448595047,0.0,0.7266426086425781,0.0004327327769715339,0.7267298102378845,2
1.506666660308838,0.0014222237514331937,0.1911439448595047,0.0,0.7266426086425781,0.0008605976472608745,0.7265840768814087,2
1.506666660308838,0.0014222237514331937,0.1911439448595047,0.0,0.7266426086425781,0.0018519971054047346,0.7266225218772888,2
1.506666660308838,0.0014222237514331937,0.1911439448595047,0.0,0.7266426086425781,0.001316192327067256,0.7266219258308411,2
1.506666660308838,0.0014222237514331937,0.1911439448595047,0.0,0.7266426086425781,0.001316192327067256,0.7266219258308411,2
1.506666660308838,0.0014222237514331937,0.1911439448595047,0.0,0.7266426086425781,0.001160942018032074,0.726584255695343,2
1.506666660308838,0.0014222237514331937,0.1911439448595047,0.0,0.7266426086425781,0.002443732228130102,0.7265468239784241,2
1.506666660308838,0.0014222237514331937,0.1911439448595047,0.0,0.7266426086425781,0.0017430417938157916,0.7264527678489685,2
1.506666660308838,0.0014222237514331937,0.1911439448595047,0.0,0.7266426086425781,0.0017430417938157916,0.7264527678489685,2
1.506666660308838,0.0014222237514331937,0.1911439448595047,0.0,0.7266426086425781,0.0015095674898475409,0.7263247966766357,2
1.506666660308838,0.0014222237514331937,0.1911439448595047,0.0,0.7266426086425781,0.0007103204843588173,0.7263290882110596,2
1.506666660308838,0.0014222237514331937,0.1911439448595047,0.0,0.7266426086425781,0.0018693598685786128,0.7262905836105347,2
1.506666660308838,0.0014222237514331937,0.1911439448595047,0.0,0.7266426086425781,0.0019414215348660946,0.7262899279594421,2
1.506666660308838,0.0014222237514331937,0.1911439448595047,0.0,0.7266426086425781,0.0019414215348660946,0.7262899279594421,2
1.506666660308838,0.0014222237514331937,0.1911439448595047,0.0,0.7266426086425781,0.0016398804727941751,0.726410448551178,2
1.506666660308838,0.0014222237514331937,0.1911439448595047,0.0,0.7266426086425781,0.0017940114485099912,0.7264961004257202,2
1.506666660308838,0.0014222237514331937,0.1911439448595047,0.0,0.7266426086425781,0.0023927674628794193,0.7263712882995605,2
1.506666660308838,0.0014222237514331937,0.1911439448595047,0.0,0.7266426086425781,0.001627984456717968,0.7263799905776978,2
1.506666660308838,0.0014222237514331937,0.1911439448595047,0.0,0.7266426086425781,0.0009817114332690835,0.726365864276886,2
1.506666660308838,0.0014222237514331937,0.1911439448595047,0.0,0.7266426086425781,0.0013006312074139714,0.7262529134750366,2
1.506666660308838,0.0014222237514331937,0.1911439448595047,0.0,0.7266426086425781,0.002587037393823266,0.7263319492340088,2
1.506666660308838,0.0014222237514331937,0.1911439448595047,0.0,0.7266426086425781,0.0013343070168048143,0.7264295220375061,2
1.506666660308838,0.0014222237514331937,0.1911439448595047,0.0,0.7266426086425781,0.002221567090600729,0.7265709638595581,2
1.506666660308838,0.0014222237514331937,0.1911439448595047,0.0,0.7266426086425781,0.0016556472983211279,0.7265044450759888,2
1.506666660308838,0.0014222237514331937,0.1911439448595047,0.0,0.7266426086425781,0.000928092747926712,0.7264371514320374,2
1.506666660308838,0.0014222237514331937,0.1911439448595047,0.0,0.7266426086425781,0.000928092747926712,0.7264371514320374,2
1.506666660308838,0.0014222237514331937,0.1911439448595047,0.0,0.7266426086425781,0.0007497602491639555,0.7265603542327881,2
1.506666660308838,0.0014222237514331937,0.1911439448595047,0.0,0.7266426086425781,0.0013850838877260685,0.7265307903289795,2
1.506666660308838,0.0014222237514331937,0.1911439448595047,0.0,0.7266426086425781,0.002096163807436824,0.7265002131462097,2
1.506666660308838,0.0014222237514331937,0.1911439448595047,0.0,0.7266426086425781,0.001500920858234167,0.7264242172241211,2
1.506666660308838,0.0014222237514331937,0.1911439448595047,0.0,0.7266426086425781,0.0016871888656169176,0.7266806960105896,2
1.506666660308838,0.0014222237514331937,0.1911439448595047,0.0,0.7266426086425781,0.0016871888656169176,0.7266806960105896,2
1.506666660308838,0.0014222237514331937,0.1911439448595047,0.0,0.7266426086425781,0.001058149617165327,0.7266501784324646,2
1.506666660308838,0.0014222237514331937,0.1911439448595047,0.0,0.7266426086425781,0.002420680597424507,0.7266995310783386,2
1.506666660308838,0.0014222237514331937,0.1911439448595047,0.0,0.7266426086425781,0.0024076751433312893,0.7266808748245239,2
1.506666660308838,0.0014222237514331937,0.1911439448595047,0.0,0.7266426086425781,0.0024076751433312893,0.7266808748245239,2
1.506666660308838,0.0014222237514331937,0.1911439448595047,0.0,0.7266426086425781,0.0024076751433312893,0.7266808748245239,2
1.506666660308838,0.0014222237514331937,0.1911439448595047,0.0,0.7266426086425781,0.0015851350035518408,0.7268055081367493,2
1.506666660308838,0.0014222237514331937,0.1911439448595047,0.0,0.7266426086425781,0.0024481751024723053,0.7268114686012268,2
1.506666660308838,0.0014222237514331937,0.1911439448595047,0.0,0.7266426086425781,0.001197660923935473,0.7267649173736572,2
1.506666660308838,0.0014222237514331937,0.1911439448595047,0.0,0.7266426086425781,0.0012884007301181555,0.7265421748161316,2
1.506666660308838,0.0014222237514331937,0.1911439448595047,0.0,0.7266426086425781,0.0007164622657001019,0.7263664603233337,2
1.506666660308838,0.0014222237514331937,0.1911439448595047,0.0,0.7266426086425781,0.0006146520609036088,0.7263962626457214,2
1.506666660308838,0.0014222237514331937,0.1911439448595047,0.0,0.7266426086425781,0.0010818312875926495,0.7264760732650757,2
1.506666660308838,0.0014222237514331937,0.1911439448595047,0.0,0.7266426086425781,0.0010818312875926495,0.7264760732650757,2
1.506666660308838,0.0014222237514331937,0.1911439448595047,0.0,0.7266426086425781,0.0005040484247729182,0.7267224788665771,2
1.506666660308838,0.0014222237514331937,0.1911439448595047,0.0,0.7266426086425781,0.0008192223613150418,0.7267776727676392,2
1.506666660308838,0.0014222237514331937,0.1911439448595047,0.0,0.7266426086425781,0.0019223213894292712,0.7265103459358215,2
1.506666660308838,0.0014222237514331937,0.1911439448595047,0.0,0.7266426086425781,0.0014147114707157016,0.7265103459358215,2
1.506666660308838,0.0014222237514331937,0.1911439448595047,0.0,0.7266426086425781,0.0009930774103850126,0.7264671921730042,2
1.506666660308838,0.0014222237514331937,0.1911439448595047,0.0,0.7266426086425781,0.0009930774103850126,0.7264671921730042,2
1.506666660308838,0.0014222237514331937,0.1911439448595047,0.0,0.7266426086425781,0.0009930774103850126,0.7264671921730042,2
1.506666660308838,0.0014222237514331937,0.1911439448595047,0.0,0.7266426086425781,0.0014518571551889181,0.7263258695602417,2
1.506666660308838,0.0014222237514331937,0.1911439448595047,0.0,0.7266426086425781,0.0014518571551889181,0.7262783050537109,2
1.506666660308838,0.0014222237514331937,0.1911439448595047,0.0,0.7266426086425781,0.0009261379600502551,0.72636479139328,2
1.506666660308838,0.0014222237514331937,0.1911439448595047,0.0,0.7266426086425781,0.0016073236474767327,0.72636479139328,2
1.506666660308838,0.0014222237514331937,0.1911439448595047,0.0,0.7266426086425781,0.0022460126783698797,0.7263728976249695,2
1.506666660308838,0.0014222237514331937,0.1911439448595047,0.0,0.7266426086425781,0.0017459210939705372,0.7265639901161194,2
1.506666660308838,0.0014222237514331937,0.1911439448595047,0.0,0.7266426086425781,0.00203369976952672,0.7265941500663757,2
1.506666660308838,0.0014222237514331937,0.1911439448595047,0.0,0.7266426086425781,0.00203369976952672,0.7265941500663757,2
1.506666660308838,0.0014222237514331937,0.1911439448595047,0.0,0.7266426086425781,0.0021004879381507635,0.7265504598617554,2
1.506666660308838,0.0014222237514331937,0.1911439448595047,0.0,0.7266426086425781,0.0007689498015679419,0.7267370820045471,2
1.506666660308838,0.0014222237514331937,0.1911439448595047,0.0,0.7266426086425781,0.001270022476091981,0.7267918586730957,2
1.506666660308838,0.0014222237514331937,0.1911439448595047,0.0,0.7266426086425781,0.001270022476091981,0.7267918586730957,2
1.506666660308838,0.0014222237514331937,0.1911439448595047,0.0,0.7266426086425781,0.0016781407175585628,0.7266544103622437,2
1.506666660308838,0.0014222237514331937,0.1911439448595047,0.0,0.7266426086425781,0.0007498092600144446,0.7266732454299927,2
1.506666660308838,0.0014222237514331937,0.1911439448595047,0.0,0.7266426086425781,0.0008619073778390884,0.7266286611557007,2
1.506666660308838,0.0014222237514331937,0.1911439448595047,0.0,0.7266426086425781,0.0017683571204543114,0.7267143726348877,2
1.506666660308838,0.0014222237514331937,0.1911439448595047,0.0,0.7266426086425781,0.0010262398282065988,0.7264045476913452,2
1.506666660308838,0.0014222237514331937,0.1911439448595047,0.0,0.7266426086425781,0.0010262398282065988,0.7264045476913452,2
1.506666660308838,0.0014222237514331937,0.1911439448595047,0.0,0.7266426086425781,0.0012190518900752068,0.7263512015342712,2
1.506666660308838,0.0014222237514331937,0.1911439448595047,0.0,0.7266426086425781,0.0011324549559503794,0.7262824177742004,2
1.506666660308838,0.0014222237514331937,0.1911439448595047,0.0,0.7266426086425781,0.0007852785056456923,0.7262105345726013,2
1.506666660308838,0.0014222237514331937,0.1911439448595047,0.0,0.7266426086425781,0.0006425788742490113,0.7261820435523987,2
1.506666660308838,0.0014222237514331937,0.1911439448595047,0.0,0.7266426086425781,0.001337164081633091,0.7262462973594666,2
1.506666660308838,0.0014222237514331937,0.1911439448595047,0.0,0.7266426086425781,0.0013701410498470068,0.7262162566184998,2
1.506666660308838,0.0014222237514331937,0.1911439448595047,0.0,0.7266426086425781,0.0013701410498470068,0.7262958884239197,2
1.506666660308838,0.0014222237514331937,0.1911439448595047,0.0,0.7266426086425781,0.00037159398198127747,0.7262151837348938,2
1.506666660308838,0.0014222237514331937,0.1911439448595047,0.0,0.7266426086425781,0.0022865214850753546,0.7263022661209106,2
1.506666660308838,0.0014222237514331937,0.1911439448595047,0.0,0.7266426086425781,0.001467019086703658,0.7263057231903076,2
1.506666660308838,0.0014222237514331937,0.1911439448595047,0.0,0.7266426086425781,0.0013924624072387815,0.7263243794441223,2
1.506666660308838,0.0014222237514331937,0.1911439448595047,0.0,0.7266426086425781,0.0013924624072387815,0.7263243794441223,2
1.506666660308838,0.0014222237514331937,0.1911439448595047,0.0,0.7266426086425781,0.0013425403740257025,0.7263544201850891,2
1.506666660308838,0.0014222237514331937,0.1911439448595047,0.0,0.7266426086425781,0.0005048926104791462,0.7263485789299011,2
1.506666660308838,0.0014222237514331937,0.1911439448595047,0.0,0.7266426086425781,0.0011098749237135053,0.7263571619987488,2
1.506666660308838,0.0014222237514331937,0.1911439448595047,0.0,0.7266426086425781,0.0011098749237135053,0.7263571619987488,2
1.506666660308838,0.0014222237514331937,0.1911439448595047,0.0,0.7266426086425781,0.0013771309750154614,0.7261243462562561,2
1.506666660308838,0.0014222237514331937,0.1911439448595047,0.0,0.7266426086425781,0.0008212897810153663,0.7261176705360413,2
1.506666660308838,0.0014222237514331937,0.1911439448595047,0.0,0.7266426086425781,0.0031648280564695597,0.7261450886726379,2
1.506666660308838,0.0014222237514331937,0.1911439448595047,0.0,0.7266426086425781,0.0019813845865428448,0.726231038570404,2
1.506666660308838,0.0014222237514331937,0.1911439448595047,0.0,0.7266426086425781,0.0008384019020013511,0.7264611721038818,2
1.506666660308838,0.0014222237514331937,0.1911439448595047,0.0,0.7266426086425781,0.0008384019020013511,0.7264611721038818,2
1.506666660308838,0.0014222237514331937,0.1911439448595047,0.0,0.7266426086425781,0.0016053559957072139,0.7266323566436768,2
1.506666660308838,0.0014222237514331937,0.1911439448595047,0.0,0.7266426086425781,0.0018293247558176517,0.7265763282775879,2
1.506666660308838,0.0014222237514331937,0.1911439448595047,0.0,0.7266426086425781,0.000865334935951978,0.7266031503677368,2
1.506666660308838,0.0014222237514331937,0.1911439448595047,0.0,0.7266426086425781,0.0020813271403312683,0.726618230342865,2
1.506666660308838,0.0014222237514331937,0.1911439448595047,0.0,0.7266426086425781,0.0020813271403312683,0.726618230342865,2
1.506666660308838,0.0014222237514331937,0.1911439448595047,0.0,0.7266426086425781,0.00281976698897779,0.7266586422920227,2
1.506666660308838,0.0014222237514331937,0.1911439448595047,0.0,0.7266426086425781,0.0019399343291297555,0.7265785336494446,2
1.506666660308838,0.0014222237514331937,0.1911439448595047,0.0,0.7266426086425781,0.0016882522031664848,0.7265021204948425,2
1.506666660308838,0.0014222237514331937,0.1911439448595047,0.0,0.7266426086425781,0.0015327332075685263,0.7267599701881409,2
1.506666660308838,0.0014222237514331937,0.1911439448595047,0.0,0.7266426086425781,0.0008929236209951341,0.7267182469367981,2
1.506666660308838,0.0014222237514331937,0.1911439448595047,0.0,0.7266426086425781,0.0013762934831902385,0.7269096970558167,2
1.506666660308838,0.0014222237514331937,0.1911439448595047,0.0,0.7266426086425781,0.0009246321860700846,0.7268267273902893,2
1.506666660308838,0.0014222237514331937,0.1911439448595047,0.0,0.7266426086425781,0.0026069586165249348,0.7268940806388855,2
1.506666660308838,0.0014222237514331937,0.1911439448595047,0.0,0.7266426086425781,0.0008714694413356483,0.72687828540802,2
1.506666660308838,0.0014222237514331937,0.1911439448595047,0.0,0.7266426086425781,0.0014147188048809767,0.7267769575119019,2
1.506666660308838,0.0014222237514331937,0.1911439448595047,0.0,0.7266426086425781,0.0028235409408807755,0.7267769575119019,2
1.506666660308838,0.0014222237514331937,0.1911439448595047,0.0,0.7266426086425781,0.0014289813116192818,0.7268303632736206,2
1.506666660308838,0.0014222237514331937,0.1911439448595047,0.0,0.7266426086425781,0.0021520566660910845,0.7267701625823975,2
1.506666660308838,0.0014222237514331937,0.1911439448595047,0.0,0.7266426086425781,0.0018296061316505075,0.7267056703567505,2
1.506666660308838,0.0014222237514331937,0.1911439448595047,0.0,0.7266426086425781,0.0008492955239489675,0.7267999053001404,2
1.506666660308838,0.0014222237514331937,0.1911439448595047,0.0,0.7266426086425781,0.0014736817684024572,0.7267107367515564,2
1.506666660308838,0.0014222237514331937,0.1911439448595047,0.0,0.7266426086425781,0.0017227326752617955,0.7267212867736816,2
1.506666660308838,0.0014222237514331937,0.1911439448595047,0.0,0.7266426086425781,0.0008377340855076909,0.7268115878105164,2
1.506666660308838,0.0014222237514331937,0.1911439448595047,0.0,0.7266426086425781,0.002173983957618475,0.7269779443740845,2
1.506666660308838,0.0014222237514331937,0.1911439448595047,0.0,0.7266426086425781,0.0006419806741178036,0.7268674373626709,2
1.506666660308838,0.0014222237514331937,0.1911439448595047,0.0,0.7266426086425781,0.0021977100986987352,0.7268610000610352,2
1.506666660308838,0.0014222237514331937,0.1911439448595047,0.0,0.7266426086425781,0.0020264475606381893,0.7267464995384216,2
1.506666660308838,0.0014222237514331937,0.1911439448595047,0.0,0.7266426086425781,0.0020264475606381893,0.7267464995384216,2
1.506666660308838,0.0014222237514331937,0.1911439448595047,0.0,0.7266426086425781,0.0011050866451114416,0.7266263961791992,2
1.506666660308838,0.0014222237514331937,0.1911439448595047,0.0,0.7266426086425781,0.0017617022385820746,0.7268915176391602,2
1.506666660308838,0.0014222237514331937,0.1911439448595047,0.0,0.7266426086425781,0.0007416142034344375,0.7268630862236023,2
1.506666660308838,0.0014222237514331937,0.1911439448595047,0.0,0.7266426086425781,0.0020416013430804014,0.7269614338874817,2
1.506666660308838,0.0014222237514331937,0.1911439448595047,0.0,0.7266426086425781,0.0014773827278986573,0.7269282341003418,2
1.506666660308838,0.0014222237514331937,0.1911439448595047,0.0,0.7266426086425781,0.00195622188039124,0.7269947528839111,2
1.506666660308838,0.0014222237514331937,0.1911439448595047,0.0,0.7266426086425781,0.0004346607602201402,0.727112352848053,2
1.506666660308838,0.0014222237514331937,0.1911439448595047,0.0,0.7266426086425781,0.0004346607602201402,0.7269449234008789,2
1.506666660308838,0.0014222237514331937,0.1911439448595047,0.0,0.7266426086425781,0.0007635224610567093,0.726884126663208,2
1.506666660308838,0.0014222237514331937,0.1911439448595047,0.0,0.7266426086425781,0.0012215219903737307,0.7266710996627808,2
1.506666660308838,0.0014222237514331937,0.1911439448595047,0.0,0.7266426086425781,0.00197596219368279,0.726765513420105,2
1.506666660308838,0.0014222237514331937,0.1911439448595047,0.0,0.7266426086425781,0.00197596219368279,0.726765513420105,2
1.506666660308838,0.0014222237514331937,0.1911439448595047,0.0,0.7266426086425781,0.0012021829606965184,0.7267288565635681,2
1.506666660308838,0.0014222237514331937,0.1911439448595047,0.0,0.7266426086425781,0.0013641577679663897,0.7266352772712708,2
1.506666660308838,0.0014222237514331937,0.1911439448595047,0.0,0.7266426086425781,0.0011336307507008314,0.7263780236244202,2
1.506666660308838,0.0014222237514331937,0.1911439448595047,0.0,0.7266426086425781,0.0016636413056403399,0.7264177203178406,2
1.506666660308838,0.0014222237514331937,0.1911439448595047,0.0,0.7266426086425781,0.0019972934387624264,0.7265228629112244,2
1.506666660308838,0.0014222237514331937,0.1911439448595047,0.0,0.7266426086425781,0.0014133917866274714,0.7265617251396179,2
1.506666660308838,0.0014222237514331937,0.1911439448595047,0.0,0.7266426086425781,0.0014133917866274714,0.7265617251396179,2
1.506666660308838,0.0014222237514331937,0.1911439448595047,0.0,0.7266426086425781,0.002262636786326766,0.7266392707824707,2
1.506666660308838,0.0014222237514331937,0.1911439448595047,0.0,0.7266426086425781,0.0006000737193971872,0.7264405488967896,2
1.506666660308838,0.0014222237514331937,0.1911439448595047,0.0,0.7266426086425781,0.002584138186648488,0.7265153527259827,2
1.506666660308838,0.0014222237514331937,0.1911439448595047,0.0,0.7266426086425781,0.0023181692231446505,0.7265797257423401,2
1.506666660308838,0.0014222237514331937,0.1911439448595047,0.0,0.7266426086425781,0.0023181692231446505,0.7265797257423401,2
1.506666660308838,0.0014222237514331937,0.1911439448595047,0.0,0.7266426086425781,0.0023181692231446505,0.7265797257423401,2
1.506666660308838,0.0014222237514331937,0.1911439448595047,0.0,0.7266426086425781,0.0023181692231446505,0.7265797257423401,2
1.506666660308838,0.0014222237514331937,0.1911439448595047,0.0,0.7266426086425781,0.0023181692231446505,0.7265797257423401,2
1.506666660308838,0.0014222237514331937,0.1911439448595047,0.0,0.7266426086425781,0.0023181692231446505,0.7265797257423401,2
1.506666660308838,0.0014222237514331937,0.1911439448595047,0.0,0.7266426086425781,0.0017153447261080146,0.7265773415565491,2
1.506666660308838,0.0014222237514331937,0.1911439448595047,0.0,0.7266426086425781,0.0013945670798420906,0.7265917062759399,2
1.506666660308838,0.0014222237514331937,0.1911439448595047,0.0,0.7266426086425781,0.0013945670798420906,0.7265917062759399,2
1.506666660308838,0.0014222237514331937,0.1911439448595047,0.0,0.7266426086425781,0.0013945670798420906,0.7265917062759399,2
1.506666660308838,0.0014222237514331937,0.1911439448595047,0.0,0.7266426086425781,0.0013945670798420906,0.7265917062759399,2
1.506666660308838,0.0014222237514331937,0.1911439448595047,0.0,0.7266426086425781,0.0020160973072052,0.7264910936355591,2
1.506666660308838,0.0014222237514331937,0.1911439448595047,0.0,0.7266426086425781,0.0010365939233452082,0.726587176322937,2
1.506666660308838,0.0014222237514331937,0.1911439448595047,0.0,0.7266426086425781,0.0010365939233452082,0.726587176322937,2
1.506666660308838,0.0014222237514331937,0.1911439448595047,0.0,0.7266426086425781,0.0010365939233452082,0.726587176322937,2
1.506666660308838,0.0014222237514331937,0.1911439448595047,0.0,0.7266426086425781,0.0008106942404992878,0.7264925837516785,2
1.506666660308838,0.0014222237514331937,0.1911439448595047,0.0,0.7266426086425781,0.0014342213980853558,0.7264517545700073,2
1.506666660308838,0.0014222237514331937,0.1911439448595047,0.0,0.7266426086425781,0.0013805237831547856,0.7262940406799316,2
1.506666660308838,0.0014222237514331937,0.1911439448595047,0.0,0.7266426086425781,0.0013805237831547856,0.7262940406799316,2
1.506666660308838,0.0014222237514331937,0.1911439448595047,0.0,0.7266426086425781,0.0013805237831547856,0.7262940406799316,2
1.506666660308838,0.0014222237514331937,0.1911439448595047,0.0,0.7266426086425781,0.0027202835772186518,0.7263640761375427,2
1.506666660308838,0.0014222237514331937,0.1911439448595047,0.0,0.7266426086425781,0.0027202835772186518,0.7263640761375427,2
1.506666660308838,0.0014222237514331937,0.1911439448595047,0.0,0.7266426086425781,0.0015789091121405363,0.7264117002487183,2
1.506666660308838,0.0014222237514331937,0.1911439448595047,0.0,0.7266426086425781,0.0019380237208679318,0.7264662981033325,2
1.506666660308838,0.0014222237514331937,0.1911439448595047,0.0,0.7266426086425781,0.0007914024172350764,0.726436972618103,2
1.506666660308838,0.0014222237514331937,0.1911439448595047,0.0,0.7266426086425781,0.0007914024172350764,0.726436972618103,2
1.506666660308838,0.0014222237514331937,0.1911439448595047,0.0,0.7266426086425781,0.0007726463954895735,0.7265376448631287,2
1.506666660308838,0.0014222237514331937,0.1911439448595047,0.0,0.7266426086425781,0.0019092055736109614,0.7266768217086792,2
1.506666660308838,0.0014222237514331937,0.1911439448595047,0.0,0.7266426086425781,0.0022341464646160603,0.7268242835998535,2
1.506666660308838,0.0014222237514331937,0.1911439448595047,0.0,0.7266426086425781,0.002286457223817706,0.7267304062843323,2
1.506666660308838,0.0014222237514331937,0.1911439448595047,0.0,0.7266426086425781,0.002286457223817706,0.7267304062843323,2
1.506666660308838,0.0014222237514331937,0.1911439448595047,0.0,0.7266426086425781,0.0010808507213369012,0.7269433736801147,2
1.506666660308838,0.0014222237514331937,0.1911439448595047,0.0,0.7266426086425781,0.0016102056251838803,0.7270128130912781,2
1.506666660308838,0.0014222237514331937,0.1911439448595047,0.0,0.7266426086425781,0.0017907300498336554,0.7269930243492126,2
1.506666660308838,0.0014222237514331937,0.1911439448595047,0.0,0.7266426086425781,0.003266291692852974,0.7271293997764587,2
1.506666660308838,0.0014222237514331937,0.1911439448595047,0.0,0.7266426086425781,0.0007628378225490451,0.7272348999977112,2
1.506666660308838,0.0014222237514331937,0.1911439448595047,0.0,0.7266426086425781,0.00199839542619884,0.7268286943435669,2
1.506666660308838,0.0014222237514331937,0.1911439448595047,0.0,0.7266426086425781,0.0009258846985176206,0.7268362641334534,2
1.506666660308838,0.0014222237514331937,0.1911439448595047,0.0,0.7266426086425781,0.0010508113773539662,0.7269228100776672,2
1.506666660308838,0.0014222237514331937,0.1911439448595047,0.0,0.7266426086425781,0.0019017541781067848,0.7270371913909912,2
1.506666660308838,0.0014222237514331937,0.1911439448595047,0.0,0.7266426086425781,0.0025719054974615574,0.7269861102104187,2
1.506666660308838,0.0014222237514331937,0.1911439448595047,0.0,0.7266426086425781,0.0013195027131587267,0.726832926273346,2
1.506666660308838,0.0014222237514331937,0.1911439448595047,0.0,0.7266426086425781,0.002939058467745781,0.7268197536468506,2
1.506666660308838,0.0014222237514331937,0.1911439448595047,0.0,0.7266426086425781,0.0012012169463559985,0.7269060611724854,2
1.506666660308838,0.0014222237514331937,0.1911439448595047,0.0,0.7266426086425781,0.0026623192243278027,0.7269397377967834,2
1.506666660308838,0.0014222237514331937,0.1911439448595047,0.0,0.7266426086425781,0.0026623192243278027,0.7268200516700745,2
1.506666660308838,0.0014222237514331937,0.1911439448595047,0.0,0.7266426086425781,0.002693544141948223,0.726661205291748,2
1.506666660308838,0.0014222237514331937,0.1911439448595047,0.0,0.7266426086425781,0.0009641838842071593,0.7266862988471985,2
1.506666660308838,0.0014222237514331937,0.1911439448595047,0.0,0.7266426086425781,0.0019364022882655263,0.7264537811279297,2
1.506666660308838,0.0014222237514331937,0.1911439448595047,0.0,0.7266426086425781,0.0002125372557202354,0.7265284061431885,2
1.506666660308838,0.0014222237514331937,0.1911439448595047,0.0,0.7266426086425781,0.0002125372557202354,0.7265284061431885,2
1.506666660308838,0.0014222237514331937,0.1911439448595047,0.0,0.7266426086425781,0.0017901572864502668,0.7264178991317749,2
1.506666660308838,0.0014222237514331937,0.1911439448595047,0.0,0.7266426086425781,0.0012803531717509031,0.7262813448905945,2
1.506666660308838,0.0014222237514331937,0.1911439448595047,0.0,0.7266426086425781,0.0021393520291894674,0.7261223793029785,2
1.506666660308838,0.0014222237514331937,0.1911439448595047,0.0,0.7266426086425781,0.0019498167093843222,0.7261497378349304,2
1.506666660308838,0.0014222237514331937,0.1911439448595047,0.0,0.7266426086425781,0.0019498167093843222,0.7261497378349304,2
1.506666660308838,0.0014222237514331937,0.1911439448595047,0.0,0.7266426086425781,0.0020582687575370073,0.7260714173316956,2
1.506666660308838,0.0014222237514331937,0.1911439448595047,0.0,0.7266426086425781,0.0013443268835544586,0.7264236807823181,2
1.506666660308838,0.0014222237514331937,0.1911439448595047,0.0,0.7266426086425781,0.0013443268835544586,0.7264236807823181,2
1.506666660308838,0.0014222237514331937,0.1911439448595047,0.0,0.7266426086425781,0.0005771763389930129,0.7264494895935059,2
1.506666660308838,0.0014222237514331937,0.1911439448595047,0.0,0.7266426086425781,0.0026344466023147106,0.7263613939285278,2
1.506666660308838,0.0014222237514331937,0.1911439448595047,0.0,0.7266426086425781,0.0017720917239785194,0.7263367176055908,2
1.506666660308838,0.0014222237514331937,0.1911439448595047,0.0,0.7266426086425781,0.0013988727005198598,0.7263866662979126,2
1.506666660308838,0.0014222237514331937,0.1911439448595047,0.0,0.7266426086425781,0.0005341818905435503,0.7264360785484314,2
1.506666660308838,0.0014222237514331937,0.1911439448595047,0.0,0.7266426086425781,0.001204945961944759,0.7265779972076416,2
1.506666660308838,0.0014222237514331937,0.1911439448595047,0.0,0.7266426086425781,0.0013852459378540516,0.7264822721481323,2
1.506666660308838,0.0014222237514331937,0.1911439448595047,0.0,0.7266426086425781,0.0015499251894652843,0.7264822721481323,2
1.506666660308838,0.0014222237514331937,0.1911439448595047,0.0,0.7266426086425781,0.0023750890977680683,0.7265012860298157,2
1.506666660308838,0.0014222237514331937,0.1911439448595047,0.0,0.7266426086425781,0.0023124495055526495,0.7265545129776001,2
1.506666660308838,0.0014222237514331937,0.1911439448595047,0.0,0.7266426086425781,0.0014530587941408157,0.7266470193862915,2
1.506666660308838,0.0014222237514331937,0.1911439448595047,0.0,0.7266426086425781,0.0016738687409088016,0.7266470193862915,2
1.506666660308838,0.0014222237514331937,0.1911439448595047,0.0,0.7266426086425781,0.0011573079973459244,0.7267346382141113,2
1.506666660308838,0.0014222237514331937,0.1911439448595047,0.0,0.7266426086425781,0.0019053162541240454,0.7268075346946716,2
1.506666660308838,0.0014222237514331937,0.1911439448595047,0.0,0.7266426086425781,0.0017750097904354334,0.726787805557251,2
1.506666660308838,0.0014222237514331937,0.1911439448595047,0.0,0.7266426086425781,0.0013107340782880783,0.7266490459442139,2
1.506666660308838,0.0014222237514331937,0.1911439448595047,0.0,0.7266426086425781,0.001399666303768754,0.7268909811973572,2
1.506666660308838,0.0014222237514331937,0.1911439448595047,0.0,0.7266426086425781,0.0006945407367311418,0.727042555809021,2
1.506666660308838,0.0014222237514331937,0.1911439448595047,0.0,0.7266426086425781,0.00101650960277766,0.7269999980926514,2
1.506666660308838,0.0014222237514331937,0.1911439448595047,0.0,0.7266426086425781,0.0005422750255092978,0.7271986603736877,2
1.506666660308838,0.0014222237514331937,0.1911439448595047,0.0,0.7266426086425781,0.0005422750255092978,0.7271986603736877,2
1.506666660308838,0.0014222237514331937,0.1911439448595047,0.0,0.7266426086425781,0.0011195562547072768,0.7270265221595764,2
1.506666660308838,0.0014222237514331937,0.1911439448595047,0.0,0.7266426086425781,0.0011195562547072768,0.7270265221595764,2
1.506666660308838,0.0014222237514331937,0.1911439448595047,0.0,0.7266426086425781,0.0018710263539105654,0.7270485162734985,2
1.506666660308838,0.0014222237514331937,0.1911439448595047,0.0,0.7266426086425781,0.0020284224301576614,0.7270616292953491,2
1.506666660308838,0.0014222237514331937,0.1911439448595047,0.0,0.7266426086425781,0.0009399582049809396,0.7270216345787048,2
1.506666660308838,0.0014222237514331937,0.1911439448595047,0.0,0.7266426086425781,0.0013579061487689614,0.7269268035888672,2
1.506666660308838,0.0014222237514331937,0.1911439448595047,0.0,0.7266426086425781,0.001124637434259057,0.7267886400222778,2
1.506666660308838,0.0014222237514331937,0.1911439448595047,0.0,0.7266426086425781,0.001124637434259057,0.7267886400222778,2
1.506666660308838,0.0014222237514331937,0.1911439448595047,0.0,0.7266426086425781,0.000952796486672014,0.7267776727676392,2
1.506666660308838,0.0014222237514331937,0.1911439448595047,0.0,0.7266426086425781,0.0008285267977043986,0.7265903949737549,2
1.506666660308838,0.0014222237514331937,0.1911439448595047,0.0,0.7266426086425781,0.001089436118490994,0.7267216444015503,2
1.506666660308838,0.0014222237514331937,0.1911439448595047,0.0,0.7266426086425781,0.001089436118490994,0.7267216444015503,2
1.506666660308838,0.0014222237514331937,0.1911439448595047,0.0,0.7266426086425781,0.0017698061419650912,0.7266950011253357,2
1.506666660308838,0.0014222237514331937,0.1911439448595047,0.0,0.7266426086425781,0.0028566294349730015,0.7265750169754028,2
1.506666660308838,0.0014222237514331937,0.1911439448595047,0.0,0.7266426086425781,0.002604960696771741,0.7264208197593689,2
1.506666660308838,0.0014222237514331937,0.1911439448595047,0.0,0.7266426086425781,0.001577868708409369,0.7265369296073914,2
1.506666660308838,0.0014222237514331937,0.1911439448595047,0.0,0.7266426086425781,0.001577868708409369,0.7265369296073914,2
1.506666660308838,0.0014222237514331937,0.1911439448595047,0.0,0.7266426086425781,0.0015184301882982254,0.7265927195549011,2
1.506666660308838,0.0014222237514331937,0.1911439448595047,0.0,0.7266426086425781,0.002608236391097307,0.7266378402709961,2
1.506666660308838,0.0014222237514331937,0.1911439448595047,0.0,0.7266426086425781,0.0007747207419015467,0.7266724109649658,2
1.506666660308838,0.0014222237514331937,0.1911439448595047,0.0,0.7266426086425781,0.0014844670658931136,0.7267960906028748,2
1.506666660308838,0.0014222237514331937,0.1911439448595047,0.0,0.7266426086425781,0.0015959388110786676,0.7267667651176453,2
1.506666660308838,0.0014222237514331937,0.1911439448595047,0.0,0.7266426086425781,0.0009257294586859643,0.7267705798149109,2
1.506666660308838,0.0014222237514331937,0.1911439448595047,0.0,0.7266426086425781,0.0006250413134694099,0.7267327308654785,2
1.506666660308838,0.0014222237514331937,0.1911439448595047,0.0,0.7266426086425781,0.0006250413134694099,0.7267327308654785,2
1.506666660308838,0.0014222237514331937,0.1911439448595047,0.0,0.7266426086425781,0.0023212379310280085,0.726542055606842,2
1.506666660308838,0.0014222237514331937,0.1911439448595047,0.0,0.7266426086425781,0.0003417050465941429,0.7265722751617432,2
1.506666660308838,0.0014222237514331937,0.1911439448595047,0.0,0.7266426086425781,0.0003417050465941429,0.72676682472229,2
1.506666660308838,0.0014222237514331937,0.1911439448595047,0.0,0.7266426086425781,0.0007480229833163321,0.7266075015068054,2
1.506666660308838,0.0014222237514331937,0.1911439448595047,0.0,0.7266426086425781,0.0009843503357842565,0.7265776991844177,2
1.506666660308838,0.0014222237514331937,0.1911439448595047,0.0,0.7266426086425781,0.001816621283069253,0.726617157459259,2
1.506666660308838,0.0014222237514331937,0.1911439448595047,0.0,0.7266426086425781,0.0007335848640650511,0.7266298532485962,2
1.506666660308838,0.0014222237514331937,0.1911439448595047,0.0,0.7266426086425781,0.0007335848640650511,0.7266298532485962,2
1.506666660308838,0.0014222237514331937,0.1911439448595047,0.0,0.7266426086425781,0.001398142077960074,0.7265356779098511,2
1.506666660308838,0.0014222237514331937,0.1911439448595047,0.0,0.7266426086425781,0.0013790049124509096,0.7268704771995544,2
1.506666660308838,0.0014222237514331937,0.1911439448595047,0.0,0.7266426086425781,0.0013790049124509096,0.7268704771995544,2
1.506666660308838,0.0014222237514331937,0.1911439448595047,0.0,0.7266426086425781,0.002125580096617341,0.7269178628921509,2
1.506666660308838,0.0014222237514331937,0.1911439448595047,0.0,0.7266426086425781,0.0006941929459571838,0.7267562747001648,2
1.506666660308838,0.0014222237514331937,0.1911439448595047,0.0,0.7266426086425781,0.0016570441657677293,0.7267791628837585,2
1.506666660308838,0.0014222237514331937,0.1911439448595047,0.0,0.7266426086425781,0.0009445297182537615,0.7267947196960449,2
1.506666660308838,0.0014222237514331937,0.1911439448595047,0.0,0.7266426086425781,0.0020231066737324,0.7268021702766418,2
1.506666660308838,0.0014222237514331937,0.1911439448595047,0.0,0.7266426086425781,0.0012551918625831604,0.7267922163009644,2
1.506666660308838,0.0014222237514331937,0.1911439448595047,0.0,0.7266426086425781,0.0015887689078226686,0.7267058491706848,2
1.506666660308838,0.0014222237514331937,0.1911439448595047,0.0,0.7266426086425781,0.0015887689078226686,0.726669192314148,2
1.506666660308838,0.0014222237514331937,0.1911439448595047,0.0,0.7266426086425781,0.0018182337516918778,0.726669192314148,2
1.506666660308838,0.0014222237514331937,0.1911439448595047,0.0,0.7266426086425781,0.001214691554196179,0.7264435291290283,2
1.506666660308838,0.0014222237514331937,0.1911439448595047,0.0,0.7266426086425781,0.002390611218288541,0.7262728810310364,2
1.506666660308838,0.0014222237514331937,0.1911439448595047,0.0,0.7266426086425781,0.002390611218288541,0.7262728810310364,2
1.506666660308838,0.0014222237514331937,0.1911439448595047,0.0,0.7266426086425781,0.001055914326570928,0.7263403534889221,2
1.506666660308838,0.0014222237514331937,0.1911439448595047,0.0,0.7266426086425781,0.0016913018189370632,0.7263818979263306,2
1.506666660308838,0.0014222237514331937,0.1911439448595047,0.0,0.7266426086425781,0.0007890372071415186,0.726529061794281,2
1.506666660308838,0.0014222237514331937,0.1911439448595047,0.0,0.7266426086425781,0.0010948856361210346,0.7265838980674744,2
1.506666660308838,0.0014222237514331937,0.1911439448595047,0.0,0.7266426086425781,0.0010948856361210346,0.7265838980674744,2
1.506666660308838,0.0014222237514331937,0.1911439448595047,0.0,0.7266426086425781,0.000809366931207478,0.726494550704956,2
1.506666660308838,0.0014222237514331937,0.1911439448595047,0.0,0.7266426086425781,0.0017647079657763243,0.7266074419021606,2
1.506666660308838,0.0014222237514331937,0.1911439448595047,0.0,0.7266426086425781,0.0020122090354561806,0.7264612317085266,2
1.506666660308838,0.0014222237514331937,0.1911439448595047,0.0,0.7266426086425781,0.003362152958288789,0.7264835834503174,2
1.506666660308838,0.0014222237514331937,0.1911439448595047,0.0,0.7266426086425781,0.003362152958288789,0.7264835834503174,2
1.506666660308838,0.0014222237514331937,0.1911439448595047,0.0,0.7266426086425781,0.0025295638479292393,0.7265905737876892,2
1.506666660308838,0.0014222237514331937,0.1911439448595047,0.0,0.7266426086425781,0.0005304657970555127,0.7265341281890869,2
1.506666660308838,0.0014222237514331937,0.1911439448595047,0.0,0.7266426086425781,0.0019124269019812346,0.726494312286377,2
1.506666660308838,0.0014222237514331937,0.1911439448595047,0.0,0.7266426086425781,0.0009163196664303541,0.7264224886894226,2
1.506666660308838,0.0014222237514331937,0.1911439448595047,0.0,0.7266426086425781,0.0022352624218910933,0.7266870737075806,2
1.506666660308838,0.0014222237514331937,0.1911439448595047,0.0,0.7266426086425781,0.0014539974508807063,0.7267303466796875,2
1.506666660308838,0.0014222237514331937,0.1911439448595047,0.0,0.7266426086425781,0.0010443211067467928,0.7267206311225891,2
1.506666660308838,0.0014222237514331937,0.1911439448595047,0.0,0.7266426086425781,0.0006870048237033188,0.7268933057785034,2
1.506666660308838,0.0014222237514331937,0.1911439448595047,0.0,0.7266426086425781,0.0018626860110089183,0.7268416285514832,2
1.506666660308838,0.0014222237514331937,0.1911439448595047,0.0,0.7266426086425781,0.0018626860110089183,0.7268416285514832,2
1.506666660308838,0.0014222237514331937,0.1911439448595047,0.0,0.7266426086425781,0.003034038469195366,0.7269108295440674,2
1.506666660308838,0.0014222237514331937,0.1911439448595047,0.0,0.7266426086425781,0.0029441099613904953,0.7267519235610962,2
1.506666660308838,0.0014222237514331937,0.1911439448595047,0.0,0.7266426086425781,0.00044154212810099125,0.7267894148826599,2
1.506666660308838,0.0014222237514331937,0.1911439448595047,0.0,0.7266426086425781,0.002538990927860141,0.7268937230110168,2
1.506666660308838,0.0014222237514331937,0.1911439448595047,0.0,0.7266426086425781,0.0026166713796555996,0.7269443273544312,2
1.506666660308838,0.0014222237514331937,0.1911439448595047,0.0,0.7266426086425781,0.002448207465931773,0.7268041968345642,2
1.506666660308838,0.0014222237514331937,0.1911439448595047,0.0,0.7266426086425781,0.0009343509445898235,0.7267248630523682,2
1.506666660308838,0.0014222237514331937,0.1911439448595047,0.0,0.7266426086425781,0.0009343509445898235,0.7267248630523682,2
1.506666660308838,0.0014222237514331937,0.1911439448595047,0.0,0.7266426086425781,0.001235025585629046,0.726712703704834,2
1.506666660308838,0.0014222237514331937,0.1911439448595047,0.0,0.7266426086425781,0.0011309487745165825,0.7266036868095398,2
1.506666660308838,0.0014222237514331937,0.1911439448595047,0.0,0.7266426086425781,0.002061601961031556,0.7265752553939819,2
1.506666660308838,0.0014222237514331937,0.1911439448595047,0.0,0.7266426086425781,0.002061601961031556,0.7265752553939819,2
1.506666660308838,0.0014222237514331937,0.1911439448595047,0.0,0.7266426086425781,0.002146652201190591,0.7267122268676758,2
1.506666660308838,0.0014222237514331937,0.1911439448595047,0.0,0.7266426086425781,0.0013785415794700384,0.7266345620155334,2
1.506666660308838,0.0014222237514331937,0.1911439448595047,0.0,0.7266426086425781,0.0012432066723704338,0.7266484498977661,2
1.506666660308838,0.0014222237514331937,0.1911439448595047,0.0,0.7266426086425781,0.0016005727229639888,0.7267453074455261,2
1.506666660308838,0.0014222237514331937,0.1911439448595047,0.0,0.7266426086425781,0.0029103336855769157,0.7267821431159973,2
1.506666660308838,0.0014222237514331937,0.1911439448595047,0.0,0.7266426086425781,0.001173495315015316,0.7267962694168091,2
1.506666660308838,0.0014222237514331937,0.1911439448595047,0.0,0.7266426086425781,0.002060499507933855,0.7267592549324036,2
1.506666660308838,0.0014222237514331937,0.1911439448595047,0.0,0.7266426086425781,0.0012070697266608477,0.7267327904701233,2
1.506666660308838,0.0014222237514331937,0.1911439448595047,0.0,0.7266426086425781,0.0015510149532929063,0.7267258763313293,2
1.506666660308838,0.0014222237514331937,0.1911439448595047,0.0,0.7266426086425781,0.0011742559727281332,0.7267524600028992,2
1.506666660308838,0.0014222237514331937,0.1911439448595047,0.0,0.7266426086425781,0.001240015379153192,0.726691722869873,2
1.506666660308838,0.0014222237514331937,0.1911439448595047,0.0,0.7266426086425781,0.0013466511154547334,0.726731538772583,2
1.506666660308838,0.0014222237514331937,0.1911439448595047,0.0,0.7266426086425781,0.0005858173244632781,0.7267269492149353,2
1.506666660308838,0.0014222237514331937,0.1911439448595047,0.0,0.7266426086425781,0.0005858173244632781,0.7267269492149353,2
1.506666660308838,0.0014222237514331937,0.1911439448595047,0.0,0.7266426086425781,0.0010534365428611636,0.7269981503486633,2
1.506666660308838,0.0014222237514331937,0.1911439448595047,0.0,0.7266426086425781,0.0014768247492611408,0.7269002795219421,2
1.506666660308838,0.0014222237514331937,0.1911439448595047,0.0,0.7266426086425781,0.0015568060334771872,0.7267741560935974,2
1.506666660308838,0.0014222237514331937,0.1911439448595047,0.0,0.7266426086425781,0.0015568060334771872,0.7267741560935974,2
1.506666660308838,0.0014222237514331937,0.1911439448595047,0.0,0.7266426086425781,0.0025312856305390596,0.7265760898590088,2
1.506666660308838,0.0014222237514331937,0.1911439448595047,0.0,0.7266426086425781,0.001042323769070208,0.726696252822876,2
1.506666660308838,0.0014222237514331937,0.1911439448595047,0.0,0.7266426086425781,0.0014542259741574526,0.7267807126045227,2
1.506666660308838,0.0014222237514331937,0.1911439448595047,0.0,0.7266426086425781,0.0014542259741574526,0.7267807126045227,2
1.506666660308838,0.0014222237514331937,0.1911439448595047,0.0,0.7266426086425781,0.0014542259741574526,0.7267807126045227,2
1.506666660308838,0.0014222237514331937,0.1911439448595047,0.0,0.7266426086425781,0.0026836851611733437,0.726645827293396,2
1.506666660308838,0.0014222237514331937,0.1911439448595047,0.0,0.7266426086425781,0.0021670174319297075,0.726645827293396,2
1.506666660308838,0.0014222237514331937,0.1911439448595047,0.0,0.7266426086425781,0.0015948908403515816,0.7266291379928589,2
1.506666660308838,0.0014222237514331937,0.1911439448595047,0.0,0.7266426086425781,0.0013488215627148747,0.7266450524330139,2
1.506666660308838,0.0014222237514331937,0.1911439448595047,0.0,0.7266426086425781,0.0021957980934530497,0.7266128063201904,2
1.506666660308838,0.0014222237514331937,0.1911439448595047,0.0,0.7266426086425781,0.0021957980934530497,0.7266128063201904,2
1.506666660308838,0.0014222237514331937,0.1911439448595047,0.0,0.7266426086425781,0.0019836488645523787,0.7265357375144958,2
1.506666660308838,0.0014222237514331937,0.1911439448595047,0.0,0.7266426086425781,0.0023200453724712133,0.7263553142547607,2
1.506666660308838,0.0014222237514331937,0.1911439448595047,0.0,0.7266426086425781,0.0016780481673777103,0.7262524366378784,2
1.506666660308838,0.0014222237514331937,0.1911439448595047,0.0,0.7266426086425781,0.0016780481673777103,0.7263391017913818,2
1.506666660308838,0.0014222237514331937,0.1911439448595047,0.0,0.7266426086425781,0.0021132819820195436,0.7262400388717651,2
1.506666660308838,0.0014222237514331937,0.1911439448595047,0.0,0.7266426086425781,0.0021132819820195436,0.7262400388717651,2
1.506666660308838,0.0014222237514331937,0.1911439448595047,0.0,0.7266426086425781,0.002299435203894973,0.7260698676109314,2
1.506666660308838,0.0014222237514331937,0.1911439448595047,0.0,0.7266426086425781,0.0007980325608514249,0.7262053489685059,2
1.506666660308838,0.0014222237514331937,0.1911439448595047,0.0,0.7266426086425781,0.0008486868464387953,0.7262053489685059,2
1.506666660308838,0.0014222237514331937,0.1911439448595047,0.0,0.7266426086425781,0.0026414976455271244,0.7262763977050781,2
1.506666660308838,0.0014222237514331937,0.1911439448595047,0.0,0.7266426086425781,0.0011784506496042013,0.7265918850898743,2
1.506666660308838,0.0014222237514331937,0.1911439448595047,0.0,0.7266426086425781,0.0011030958266928792,0.7265918850898743,2
1.506666660308838,0.0014222237514331937,0.1911439448595047,0.0,0.7266426086425781,0.0011030958266928792,0.7266465425491333,2
1.506666660308838,0.0014222237514331937,0.1911439448595047,0.0,0.7266426086425781,0.002320067724213004,0.7263375520706177,2
1.506666660308838,0.0014222237514331937,0.1911439448595047,0.0,0.7266426086425781,0.0014580946881324053,0.7263466715812683,2
1.506666660308838,0.0014222237514331937,0.1911439448595047,0.0,0.7266426086425781,0.002529153600335121,0.7267610430717468,2
1.506666660308838,0.0014222237514331937,0.1911439448595047,0.0,0.7266426086425781,0.0014538546092808247,0.7266784906387329,2
1.506666660308838,0.0014222237514331937,0.1911439448595047,0.0,0.7266426086425781,0.0014538546092808247,0.7266784906387329,2
1.506666660308838,0.0014222237514331937,0.1911439448595047,0.0,0.7266426086425781,0.0014008925063535571,0.7266624569892883,2
1.506666660308838,0.0014222237514331937,0.1911439448595047,0.0,0.7266426086425781,0.000650963862426579,0.7267898321151733,2
1.506666660308838,0.0014222237514331937,0.1911439448595047,0.0,0.7266426086425781,0.0015811523189768195,0.7266715168952942,2
1.506666660308838,0.0014222237514331937,0.1911439448595047,0.0,0.7266426086425781,0.0012013530358672142,0.7263956069946289,2
1.506666660308838,0.0014222237514331937,0.1911439448595047,0.0,0.7266426086425781,0.0008099254919216037,0.7265663146972656,2
1.506666660308838,0.0014222237514331937,0.1911439448595047,0.0,0.7266426086425781,0.0020203839521855116,0.7267122864723206,2
1.506666660308838,0.0014222237514331937,0.1911439448595047,0.0,0.7266426086425781,0.00044468531268648803,0.7266287207603455,2
1.506666660308838,0.0014222237514331937,0.1911439448595047,0.0,0.7266426086425781,0.00044468531268648803,0.7266287207603455,2
1.506666660308838,0.0014222237514331937,0.1911439448595047,0.0,0.7266426086425781,0.0026069222949445248,0.7267679572105408,2
1.506666660308838,0.0014222237514331937,0.1911439448595047,0.0,0.7266426086425781,0.0011455332860350609,0.7266177535057068,2
1.506666660308838,0.0014222237514331937,0.1911439448595047,0.0,0.7266426086425781,0.0011455332860350609,0.7266177535057068,2
1.506666660308838,0.0014222237514331937,0.1911439448595047,0.0,0.7266426086425781,0.002096448326483369,0.7264828085899353,2
1.506666660308838,0.0014222237514331937,0.1911439448595047,0.0,0.7266426086425781,0.001093659782782197,0.7262634038925171,2
1.506666660308838,0.0014222237514331937,0.1911439448595047,0.0,0.7266426086425781,0.001968593569472432,0.726210355758667,2
1.506666660308838,0.0014222237514331937,0.1911439448595047,0.0,0.7266426086425781,0.0014805200044065714,0.7265011668205261,2
1.506666660308838,0.0014222237514331937,0.1911439448595047,0.0,0.7266426086425781,0.002377299126237631,0.726677656173706,2
1.506666660308838,0.0014222237514331937,0.1911439448595047,0.0,0.7266426086425781,0.002377299126237631,0.726677656173706,2
1.506666660308838,0.0014222237514331937,0.1911439448595047,0.0,0.7266426086425781,0.002377299126237631,0.726677656173706,2
1.506666660308838,0.0014222237514331937,0.1911439448595047,0.0,0.7266426086425781,0.002183642005547881,0.7267512083053589,2
1.506666660308838,0.0014222237514331937,0.1911439448595047,0.0,0.7266426086425781,0.001496721524745226,0.7266278266906738,2
1.506666660308838,0.0014222237514331937,0.1911439448595047,0.0,0.7266426086425781,0.0022709250915795565,0.7266278266906738,2
1.506666660308838,0.0014222237514331937,0.1911439448595047,0.0,0.7266426086425781,0.0012073810212314129,0.7264014482498169,2
1.506666660308838,0.0014222237514331937,0.1911439448595047,0.0,0.7266426086425781,0.0012073810212314129,0.7264014482498169,2
1.506666660308838,0.0014222237514331937,0.1911439448595047,0.0,0.7266426086425781,0.0021195183508098125,0.726296067237854,2
1.506666660308838,0.0014222237514331937,0.1911439448595047,0.0,0.7266426086425781,0.0013027623062953353,0.7264418005943298,2
1.506666660308838,0.0014222237514331937,0.1911439448595047,0.0,0.7266426086425781,0.0013027623062953353,0.7264418005943298,2
1.506666660308838,0.0014222237514331937,0.1911439448595047,0.0,0.7266426086425781,0.0008608064381405711,0.7264502644538879,2
